morph@aom2003f	aom2003f	00:00:16.780	16.78	00:00:16.863	16.863	00:00:00.083	0.083	 \
morph@aom2003f	aom2003f	00:00:16.863	16.863	00:00:17.570	17.57	00:00:00.707	0.707	V,несов,нп=мн,пов,2-л
morph@aom2003f	aom2003f	00:00:17.670	17.67	00:00:17.890	17.89	00:00:00.220	0.22	 SPRO,ед,1-л=(вин  род)
morph@aom2003f	aom2003f	00:00:17.890	17.89	00:00:18.111	18.111	00:00:00.221	0.221	V,несов,пе=непрош,мн,изъяв,3-л
morph@aom2003f	aom2003f	00:00:18.111	18.111	00:00:18.368	18.368	00:00:00.257	0.257	S,имя,жен,од=им,ед
morph@aom2003f	aom2003f	00:00:18.368	18.368	00:00:18.921	18.921	00:00:00.553	0.553	 S,фам,муж,од=(вин,ед  род,ед)
morph@aom2003f	aom2003f	00:00:18.921	18.921	00:00:19.089	19.089	00:00:00.168	0.168	CONJ=
morph@aom2003f	aom2003f	00:00:19.089	19.089	00:00:19.237	19.237	00:00:00.148	0.148	SPRO,ед,1-л=им
morph@aom2003f	aom2003f	00:00:19.237	19.237	00:00:19.389	19.389	00:00:00.152	0.152	PR=
morph@aom2003f	aom2003f	00:00:19.389	19.389	00:00:19.484	19.484	00:00:00.095	0.095	 •
morph@aom2003f	aom2003f	00:00:19.484	19.484	00:00:19.589	19.589	00:00:00.105	0.105	 /
morph@aom2003f	aom2003f	00:00:19.589	19.589	00:00:20.632	20.632	00:00:01.043	1.043	S,гео,муж,неод=род,ед
morph@aom2003f	aom2003f	00:00:20.632	20.632	00:00:20.711	20.711	00:00:00.079	0.079	 /
morph@aom2003f	aom2003f	00:00:20.711	20.711	00:00:21.102	21.102	00:00:00.391	0.391	CONJ=
morph@aom2003f	aom2003f	00:00:21.102	21.102	00:00:21.337	21.337	00:00:00.235	0.235	{
morph@aom2003f	aom2003f	00:00:22.795	22.795	00:00:23.011	23.011	00:00:00.216	0.216	PART=
morph@aom2003f	aom2003f	00:00:24.720	24.72	00:00:24.940	24.94	00:00:00.220	0.22	PART=
morph@aom2003f	aom2003f	00:00:32.600	32.6	00:00:32.950	32.95	00:00:00.350	0.35	PART=
morph@aom2003f	aom2003f	00:00:33.120	33.12	00:00:33.412	33.412	00:00:00.292	0.292	S,жен,неод=род,мн
morph@aom2003f	aom2003f	00:00:33.412	33.412	00:00:33.704	33.704	00:00:00.292	0.292	ADV=
morph@aom2003f	aom2003f	00:00:33.704	33.704	00:00:34.215	34.215	00:00:00.511	0.511	 A=(вин,ед,полн,муж,неод  им,ед,полн,муж)
morph@aom2003f	aom2003f	00:00:34.215	34.215	00:00:34.291	34.291	00:00:00.076	0.076	 /
morph@aom2003f	aom2003f	00:00:34.291	34.291	00:00:34.580	34.58	00:00:00.289	0.289	 S,муж,неод=(вин,ед  им,ед)
morph@aom2003f	aom2003f	00:00:34.650	34.65	00:00:34.826	34.826	00:00:00.176	0.176	 SPRO,ед,сред,неод=(вин  им)
morph@aom2003f	aom2003f	00:00:34.826	34.826	00:00:35.285	35.285	00:00:00.459	0.459	 A=(вин,ед,полн,муж,неод  им,ед,полн,муж)
morph@aom2003f	aom2003f	00:00:35.285	35.285	00:00:35.483	35.483	00:00:00.198	0.198	 /
morph@aom2003f	aom2003f	00:00:35.483	35.483	00:00:35.843	35.843	00:00:00.360	0.36	 S,муж,неод=(вин,ед  им,ед)
morph@aom2003f	aom2003f	00:00:35.843	35.843	00:00:36.180	36.18	00:00:00.337	0.337	ADVPRO=
morph@aom2003f	aom2003f	00:00:36.180	36.18	00:00:36.670	36.67	00:00:00.490	0.49	 SPRO,ед,сред,неод=(вин  им)
morph@aom2003f	aom2003f	00:00:36.920	36.92	00:00:37.131	37.131	00:00:00.211	0.211	ADV=
morph@aom2003f	aom2003f	00:00:37.131	37.131	00:00:37.343	37.343	00:00:00.212	0.212	SPRO,ед,муж,од=им
morph@aom2003f	aom2003f	00:00:37.343	37.343	00:00:37.477	37.477	00:00:00.134	0.134	 /
morph@aom2003f	aom2003f	00:00:37.477	37.477	00:00:37.880	37.88	00:00:00.403	0.403	V,несов,пе=непрош,ед,изъяв,3-л
morph@aom2003f	aom2003f	00:00:37.960	37.96	00:00:38.064	38.064	00:00:00.104	0.104	CONJ=
morph@aom2003f	aom2003f	00:00:38.064	38.064	00:00:38.174	38.174	00:00:00.110	0.11	PR=
morph@aom2003f	aom2003f	00:00:38.174	38.174	00:00:38.448	38.448	00:00:00.274	0.274	 APRO=(пр,ед,муж  пр,ед,сред)
morph@aom2003f	aom2003f	00:00:38.448	38.448	00:00:38.529	38.529	00:00:00.081	0.081	 /
morph@aom2003f	aom2003f	00:00:38.529	38.529	00:00:38.802	38.802	00:00:00.273	0.273	S,сред,неод=пр,ед
morph@aom2003f	aom2003f	00:00:38.802	38.802	00:00:39.384	39.384	00:00:00.582	0.582	 S,гео,муж,неод=(вин,ед  им,ед)
morph@aom2003f	aom2003f	00:00:39.384	39.384	00:00:39.523	39.523	00:00:00.139	0.139	 /
morph@aom2003f	aom2003f	00:00:39.523	39.523	00:00:39.927	39.927	00:00:00.404	0.404	 S,сред,неод=(пр,мн  пр,ед  вин,мн  вин,ед  дат,мн  дат,ед  род,мн  род,ед  твор,мн  твор,ед  им,мн  им,ед)
morph@aom2003f	aom2003f	00:00:39.927	39.927	00:00:40.029	40.029	00:00:00.102	0.102	 /
morph@aom2003f	aom2003f	00:00:40.029	40.029	00:00:40.584	40.584	00:00:00.555	0.555	 A=(вин,ед,полн,муж,неод  им,ед,полн,муж)
morph@aom2003f	aom2003f	00:00:40.584	40.584	00:00:41.140	41.14	00:00:00.556	0.556	INTJ=
morph@aom2003f	aom2003f	00:00:41.140	41.14	00:00:41.436	41.436	00:00:00.296	0.296	ADV=
morph@aom2003f	aom2003f	00:00:41.436	41.436	00:00:41.855	41.855	00:00:00.419	0.419	 A=(вин,ед,полн,сред  им,ед,полн,сред)
morph@aom2003f	aom2003f	00:00:41.855	41.855	00:00:42.552	42.552	00:00:00.697	0.697	/
morph@aom2003f	aom2003f	00:00:42.552	42.552	00:00:42.808	42.808	00:00:00.256	0.256	PR=
morph@aom2003f	aom2003f	00:00:42.808	42.808	00:00:42.919	42.919	00:00:00.111	0.111	 \
morph@aom2003f	aom2003f	00:00:42.919	42.919	00:00:43.767	43.767	00:00:00.848	0.848	S,муж,неод=род,ед
morph@aom2003f	aom2003f	00:00:44.270	44.27	00:00:44.520	44.52	00:00:00.250	0.25	 SPRO,ед,сред,неод=(вин  им)
morph@aom2003f	aom2003f	00:00:44.800	44.8	00:00:45.130	45.13	00:00:00.330	0.33	 SPRO,ед,1-л=(пр  дат)
morph@aom2003f	aom2003f	00:00:45.130	45.13	00:00:45.460	45.46	00:00:00.330	0.33	ADV,вводн=
morph@aom2003f	aom2003f	00:00:45.490	45.49	00:00:45.693	45.693	00:00:00.203	0.203	 SPRO,ед,сред,неод=(вин  им)
morph@aom2003f	aom2003f	00:00:45.693	45.693	00:00:46.035	46.035	00:00:00.342	0.342	PART=
morph@aom2003f	aom2003f	00:00:46.035	46.035	00:00:46.099	46.099	00:00:00.064	0.064	 /
morph@aom2003f	aom2003f	00:00:46.099	46.099	00:00:46.756	46.756	00:00:00.657	0.657	 ANUM=(вин,ед,муж,неод  им,ед,муж)
morph@aom2003f	aom2003f	00:00:46.756	46.756	00:00:47.175	47.175	00:00:00.419	0.419	 S,муж,неод=(вин,ед  им,ед)
morph@aom2003f	aom2003f	00:00:47.175	47.175	00:00:47.262	47.262	00:00:00.087	0.087	 /
morph@aom2003f	aom2003f	00:00:47.262	47.262	00:00:47.599	47.599	00:00:00.337	0.337	 S,гео,жен,неод=(пр,ед  вин,мн  дат,ед  род,ед  им,мн)
morph@aom2003f	aom2003f	00:00:47.599	47.599	00:00:48.436	48.436	00:00:00.837	0.837	PR=
morph@aom2003f	aom2003f	00:00:48.436	48.436	00:00:48.628	48.628	00:00:00.192	0.192	 ~~~
morph@aom2003f	aom2003f	00:00:48.628	48.628	00:00:48.799	48.799	00:00:00.171	0.171	 /
morph@aom2003f	aom2003f	00:00:48.799	48.799	00:00:49.200	49.2	00:00:00.401	0.401	 S,жен,неод=(пр,ед  дат,ед)
morph@aom2003f	aom2003f	00:00:49.910	49.91	00:00:50.419	50.419	00:00:00.509	0.509	PR=
morph@aom2003f	aom2003f	00:00:50.419	50.419	00:00:50.512	50.512	00:00:00.093	0.093	 /
morph@aom2003f	aom2003f	00:00:50.512	50.512	00:00:51.256	51.256	00:00:00.744	0.744	S,сред,неод=дат,ед
morph@aom2003f	aom2003f	00:00:51.256	51.256	00:00:51.834	51.834	00:00:00.578	0.578	 A=(пр,мн,полн  вин,мн,полн,од  род,мн,полн)
morph@aom2003f	aom2003f	00:00:51.834	51.834	00:00:52.412	52.412	00:00:00.578	0.578	 A=(пр,мн,полн  вин,мн,полн,од  род,мн,полн)
morph@aom2003f	aom2003f	00:00:52.412	52.412	00:00:52.990	52.99	00:00:00.578	0.578	S,муж,неод=род,мн
morph@aom2003f	aom2003f	00:00:54.030	54.03	00:00:54.105	54.105	00:00:00.075	0.075	 /
morph@aom2003f	aom2003f	00:00:54.105	54.105	00:00:54.520	54.52	00:00:00.415	0.415	INTJ=
morph@aom2003f	aom2003f	00:00:54.840	54.84	00:00:55.167	55.167	00:00:00.327	0.327	ADV=
morph@aom2003f	aom2003f	00:00:55.167	55.167	00:00:55.494	55.494	00:00:00.327	0.327	 S,гео,жен,неод=(вин,мн  род,ед  им,мн)
morph@aom2003f	aom2003f	00:00:55.494	55.494	00:00:55.622	55.622	00:00:00.128	0.128	CONJ=
morph@aom2003f	aom2003f	00:00:55.622	55.622	00:00:56.060	56.06	00:00:00.438	0.438	S,муж,неод=род,ед
morph@aom2003f	aom2003f	00:00:56.090	56.09	00:00:56.215	56.215	00:00:00.125	0.125	CONJ=
morph@aom2003f	aom2003f	00:00:56.215	56.215	00:00:56.355	56.355	00:00:00.140	0.14	SPRO,ед,3-л,муж=им
morph@aom2003f	aom2003f	00:00:56.355	56.355	00:00:56.920	56.92	00:00:00.565	0.565	ADV=срав
morph@aom2003f	aom2003f	00:00:56.920	56.92	00:00:57.105	57.105	00:00:00.185	0.185	SPRO,ед,3-л,муж=им
morph@aom2003f	aom2003f	00:00:57.105	57.105	00:00:57.343	57.343	00:00:00.238	0.238	ADV=
morph@aom2003f	aom2003f	00:00:57.343	57.343	00:00:57.720	57.72	00:00:00.377	0.377	ADV=срав
morph@aom2003f	aom2003f	00:00:58.170	58.17	00:00:58.517	58.517	00:00:00.347	0.347	PART=
morph@aom2003f	aom2003f	00:00:58.517	58.517	00:00:58.710	58.71	00:00:00.193	0.193	 S,неод=(род,ед,муж  род,ед,сред  вин,ед,сред  им,ед,сред  пр,ед,муж  пр,ед,сред  дат,ед,муж  дат,ед,сред  им,ед,муж  твор,ед,муж  твор,ед,сред  пр,мн,сред  вин,мн,сред  дат,мн,сред  род,мн,сред  твор,мн,сред  им,мн,сред  пр,мн,муж  вин,мн,муж  вин,ед,муж  дат,мн,муж  род,мн,муж  твор,мн,муж  им,мн,муж)
morph@aom2003f	aom2003f	00:00:58.710	58.71	00:00:58.957	58.957	00:00:00.247	0.247	 APRO=(вин,ед,сред  им,ед,сред)
morph@aom2003f	aom2003f	00:00:58.957	58.957	00:00:59.204	59.204	00:00:00.247	0.247	SPRO,ед,2-л=им
morph@aom2003f	aom2003f	00:00:59.204	59.204	00:00:59.451	59.451	00:00:00.247	0.247	V,несов,нп=непрош,ед,изъяв,2-л
morph@aom2003f	aom2003f	00:00:59.451	59.451	00:00:59.700	59.7	00:00:00.249	0.249	V,сов,пе=инф
morph@aom2003f	aom2003f	00:00:59.910	59.91	00:01:00.297	60.297	00:00:00.387	0.387	 APRO=(вин,ед,муж,неод  им,ед,муж)
morph@aom2003f	aom2003f	00:01:00.297	60.297	00:01:00.500	60.5	00:00:00.203	0.203	 S,неод=(род,ед,муж  род,ед,сред  вин,ед,сред  им,ед,сред  пр,ед,муж  пр,ед,сред  дат,ед,муж  дат,ед,сред  им,ед,муж  твор,ед,муж  твор,ед,сред  пр,мн,сред  вин,мн,сред  дат,мн,сред  род,мн,сред  твор,мн,сред  им,мн,сред  пр,мн,муж  вин,мн,муж  вин,ед,муж  дат,мн,муж  род,мн,муж  твор,мн,муж  им,мн,муж)
morph@aom2003f	aom2003f	00:01:01.360	61.36	00:01:01.529	61.529	00:00:00.169	0.169	PART=
morph@aom2003f	aom2003f	00:01:01.529	61.529	00:01:01.910	61.91	00:00:00.381	0.381	ADV=
morph@aom2003f	aom2003f	00:01:02.340	62.34	00:01:02.574	62.574	00:00:00.234	0.234	 APRO=(вин,ед,муж,неод  им,ед,муж)
morph@aom2003f	aom2003f	00:01:02.574	62.574	00:01:02.808	62.808	00:00:00.234	0.234	SPRO,ед,2-л=им
morph@aom2003f	aom2003f	00:01:02.808	62.808	00:01:03.111	63.111	00:00:00.303	0.303	V,несов,нп=непрош,ед,изъяв,2-л
morph@aom2003f	aom2003f	00:01:03.111	63.111	00:01:03.370	63.37	00:00:00.259	0.259	V,сов,пе=инф
morph@aom2003f	aom2003f	00:01:03.560	63.56	00:01:03.830	63.83	00:00:00.270	0.27	 S,сокр=(пр,мн  пр,ед  вин,мн  вин,ед  дат,мн  дат,ед  род,мн  род,ед  твор,мн  твор,ед  им,мн  им,ед)
morph@aom2003f	aom2003f	00:01:03.830	63.83	00:01:04.186	64.186	00:00:00.356	0.356	S,муж,неод=пр,ед
morph@aom2003f	aom2003f	00:01:04.186	64.186	00:01:04.326	64.326	00:00:00.140	0.14	PR=
morph@aom2003f	aom2003f	00:01:04.326	64.326	00:01:04.570	64.57	00:00:00.244	0.244	 NUM=(вин  им)
morph@aom2003f	aom2003f	00:01:04.570	64.57	00:01:04.762	64.762	00:00:00.192	0.192	 S,сокр=(пр,мн  пр,ед  вин,мн  вин,ед  дат,мн  дат,ед  род,мн  род,ед  твор,мн  твор,ед  им,мн  им,ед)
morph@aom2003f	aom2003f	00:01:04.762	64.762	00:01:04.983	64.983	00:00:00.221	0.221	ADV=
morph@aom2003f	aom2003f	00:01:04.983	64.983	00:01:05.450	65.45	00:00:00.467	0.467	S,муж,неод=род,мн
morph@aom2003f	aom2003f	00:01:05.450	65.45	00:01:05.547	65.547	00:00:00.097	0.097	SPRO,ед,2-л=им
morph@aom2003f	aom2003f	00:01:05.547	65.547	00:01:05.791	65.791	00:00:00.244	0.244	V,несов,нп=непрош,ед,изъяв,2-л
morph@aom2003f	aom2003f	00:01:05.791	65.791	00:01:06.145	66.145	00:00:00.354	0.354	V,сов,пе=инф
morph@aom2003f	aom2003f	00:01:06.145	66.145	00:01:06.250	66.25	00:00:00.105	0.105	 S,сокр=(пр,мн  пр,ед  вин,мн  вин,ед  дат,мн  дат,ед  род,мн  род,ед  твор,мн  твор,ед  им,мн  им,ед)
morph@aom2003f	aom2003f	00:01:06.250	66.25	00:01:06.698	66.698	00:00:00.448	0.448	S,гео,муж,неод=пр,ед
morph@aom2003f	aom2003f	00:01:06.698	66.698	00:01:06.901	66.901	00:00:00.203	0.203	PR=
morph@aom2003f	aom2003f	00:01:06.901	66.901	00:01:07.047	67.047	00:00:00.146	0.146	 NUM=(вин  им)
morph@aom2003f	aom2003f	00:01:07.047	67.047	00:01:07.384	67.384	00:00:00.337	0.337	ADV=
morph@aom2003f	aom2003f	00:01:07.384	67.384	00:01:07.843	67.843	00:00:00.459	0.459	 NUM=(вин  им)
morph@aom2003f	aom2003f	00:01:07.843	67.843	00:01:08.520	68.52	00:00:00.677	0.677	 S,муж,неод=(вин,мн  им,мн)
morph@aom2003f	aom2003f	00:01:15.520	75.52	00:01:15.839	75.839	00:00:00.319	0.319	PART=
morph@aom2003f	aom2003f	00:01:15.839	75.839	00:01:16.028	76.028	00:00:00.189	0.189	#
morph@aom2003f	aom2003f	00:01:16.028	76.028	00:01:16.098	76.098	00:00:00.070	0.07	?
morph@aom2003f	aom2003f	00:01:22.610	82.61	00:01:22.818	82.818	00:00:00.208	0.208	SPRO,ед,сред,неод=твор
morph@aom2003f	aom2003f	00:01:22.818	82.818	00:01:23.226	83.226	00:00:00.408	0.408	 S,муж,неод=(вин,ед  им,ед)
morph@aom2003f	aom2003f	00:01:23.235	83.235	00:01:23.412	83.412	00:00:00.177	0.177	SPRO,ед,сред,неод=твор
morph@aom2003f	aom2003f	00:01:23.412	83.412	00:01:23.824	83.824	00:00:00.412	0.412	ADV=
morph@aom2003f	aom2003f	00:01:24.205	84.205	00:01:24.707	84.707	00:00:00.502	0.502	ADV=
morph@aom2003f	aom2003f	00:01:24.743	84.743	00:01:24.942	84.942	00:00:00.199	0.199	SPRO,ед,сред,неод=твор
morph@aom2003f	aom2003f	00:01:24.942	84.942	00:01:25.309	85.309	00:00:00.367	0.367	ADV=
morph@aom2003f	aom2003f	00:01:25.339	85.339	00:01:25.802	85.802	00:00:00.463	0.463	 NUM=(вин  им)
morph@aom2003f	aom2003f	00:01:25.802	85.802	00:01:26.041	86.041	00:00:00.239	0.239	 NUM=(вин  им)
morph@aom2003f	aom2003f	00:01:26.041	86.041	00:01:26.442	86.442	00:00:00.401	0.401	 NUM=(вин  им)
morph@aom2003f	aom2003f	00:01:26.442	86.442	00:01:26.616	86.616	00:00:00.174	0.174	PR=
morph@aom2003f	aom2003f	00:01:26.616	86.616	00:01:26.811	86.811	00:00:00.195	0.195	PART=
morph@aom2003f	aom2003f	00:01:27.166	87.166	00:01:27.400	87.4	00:00:00.234	0.234	`
morph@aom2003f	aom2003f	00:01:27.407	87.407	00:01:27.496	87.496	00:00:00.089	0.089	PART=
morph@aom2003f	aom2003f	00:01:27.496	87.496	00:01:27.648	87.648	00:00:00.152	0.152	PR=
morph@aom2003f	aom2003f	00:01:27.648	87.648	00:01:27.863	87.863	00:00:00.215	0.215	 S,неод=(род,ед,муж  род,ед,сред  вин,ед,сред  им,ед,сред  пр,ед,муж  пр,ед,сред  дат,ед,муж  дат,ед,сред  им,ед,муж  твор,ед,муж  твор,ед,сред  пр,мн,сред  вин,мн,сред  дат,мн,сред  род,мн,сред  твор,мн,сред  им,мн,сред  пр,мн,муж  вин,мн,муж  вин,ед,муж  дат,мн,муж  род,мн,муж  твор,мн,муж  им,мн,муж)
morph@aom2003f	aom2003f	00:01:27.878	87.878	00:01:28.192	88.192	00:00:00.314	0.314	 SPRO,ед,сред,неод=(вин  им)
morph@aom2003f	aom2003f	00:01:28.192	88.192	00:01:28.506	88.506	00:00:00.314	0.314	 S,муж,неод=(вин,ед  им,ед)
morph@aom2003f	aom2003f	00:01:28.668	88.668	00:01:28.970	88.97	00:00:00.302	0.302	 SPRO,ед,сред,неод=(вин  им)
morph@aom2003f	aom2003f	00:01:29.282	89.282	00:01:29.439	89.439	00:00:00.157	0.157	ADVPRO=
morph@aom2003f	aom2003f	00:01:29.439	89.439	00:01:29.646	89.646	00:00:00.207	0.207	ADVPRO=
morph@aom2003f	aom2003f	00:01:29.646	89.646	00:01:30.011	90.011	00:00:00.365	0.365	ADV,прдк=
morph@aom2003f	aom2003f	00:01:30.015	90.015	00:01:30.203	90.203	00:00:00.188	0.188	 SPRO,ед,сред,неод=(вин  им)
morph@aom2003f	aom2003f	00:01:30.255	90.255	00:01:30.374	90.374	00:00:00.119	0.119	#
morph@aom2003f	aom2003f	00:01:30.484	90.484	00:01:30.747	90.747	00:00:00.263	0.263	 SPRO,ед,сред,неод=(вин  им)
morph@aom2003f	aom2003f	00:01:30.747	90.747	00:01:31.461	91.461	00:00:00.714	0.714	ADV=
morph@aom2003f	aom2003f	00:01:31.605	91.605	00:01:31.756	91.756	00:00:00.151	0.151	PART=
morph@aom2003f	aom2003f	00:01:32.074	92.074	00:01:32.547	92.547	00:00:00.473	0.473	 S,гео,муж,неод=(вин,ед  им,ед)
morph@aom2003f	aom2003f	00:01:32.547	92.547	00:01:32.684	92.684	00:00:00.137	0.137	 -
morph@aom2003f	aom2003f	00:01:32.684	92.684	00:01:32.800	92.8	00:00:00.116	0.116	 NUM=(вин  им)
morph@aom2003f	aom2003f	00:01:32.800	92.8	00:01:33.032	93.032	00:00:00.232	0.232	 NUM=(вин  им)
morph@aom2003f	aom2003f	00:01:33.032	93.032	00:01:33.387	93.387	00:00:00.355	0.355	 NUM=(вин  им)
morph@aom2003f	aom2003f	00:01:33.937	93.937	00:01:34.188	94.188	00:00:00.251	0.251	 APRO=(вин,ед,муж,неод  им,ед,муж)
morph@aom2003f	aom2003f	00:01:34.410	94.41	00:01:34.701	94.701	00:00:00.291	0.291	ээ
morph@aom2003f	aom2003f	00:01:34.782	94.782	00:01:35.132	95.132	00:00:00.350	0.35	 NUM=(вин  им)
morph@aom2003f	aom2003f	00:01:35.132	95.132	00:01:35.394	95.394	00:00:00.262	0.262	 NUM=(вин  им)
morph@aom2003f	aom2003f	00:01:35.394	95.394	00:01:35.701	95.701	00:00:00.307	0.307	S,муж,неод=род,мн
morph@aom2003f	aom2003f	00:01:36.196	96.196	00:01:36.601	96.601	00:00:00.405	0.405	 V,нп=(непрош,мн,изъяв,2-л,несов  мн,пов,2-л,несов)
morph@aom2003f	aom2003f	00:01:36.601	96.601	00:01:37.007	97.007	00:00:00.406	0.406	V,несов,пе=мн,пов,2-л
morph@aom2003f	aom2003f	00:01:37.332	97.332	00:01:38.089	98.089	00:00:00.757	0.757	ээ
morph@aom2003f	aom2003f	00:01:38.236	98.236	00:01:38.501	98.501	00:00:00.265	0.265	PR=
morph@aom2003f	aom2003f	00:01:38.501	98.501	00:01:38.766	98.766	00:00:00.265	0.265	 S,жен,неод=(пр,ед  дат,ед)
morph@aom2003f	aom2003f	00:01:38.766	98.766	00:01:39.033	99.033	00:00:00.267	0.267	S,муж,неод=род,ед
morph@aom2003f	aom2003f	00:01:39.085	99.085	00:01:39.447	99.447	00:00:00.362	0.362	ADV=
morph@aom2003f	aom2003f	00:01:39.447	99.447	00:01:39.589	99.589	00:00:00.142	0.142	 S,сокр=(пр,мн  пр,ед  вин,мн  вин,ед  дат,мн  дат,ед  род,мн  род,ед  твор,мн  твор,ед  им,мн  им,ед)
morph@aom2003f	aom2003f	00:01:39.589	99.589	00:01:39.726	99.726	00:00:00.137	0.137	CONJ=
morph@aom2003f	aom2003f	00:01:39.726	99.726	00:01:39.869	99.869	00:00:00.143	0.143	PART=
morph@aom2003f	aom2003f	00:01:39.869	99.869	00:01:40.066	100.066	00:00:00.197	0.197	 S,имя,муж,од=(пр,мн  пр,ед  вин,мн  вин,ед  дат,мн  дат,ед  род,мн  род,ед  твор,мн  твор,ед  им,мн  им,ед)
morph@aom2003f	aom2003f	00:01:40.092	100.092	00:01:40.795	100.795	00:00:00.703	0.703	ADV,вводн=
morph@aom2003f	aom2003f	00:01:40.795	100.795	00:01:41.144	101.144	00:00:00.349	0.349	S,муж,неод=род,ед
morph@aom2003f	aom2003f	00:01:41.144	101.144	00:01:41.672	101.672	00:00:00.528	0.528	S,муж,од=им,ед
morph@aom2003f	aom2003f	00:01:42.074	102.074	00:01:42.505	102.505	00:00:00.431	0.431	 S,муж,неод=(вин,ед  им,ед)
morph@aom2003f	aom2003f	00:01:42.505	102.505	00:01:42.868	102.868	00:00:00.363	0.363	S,муж,од=им,ед
morph@aom2003f	aom2003f	00:01:42.868	102.868	00:01:43.232	103.232	00:00:00.364	0.364	ADV,вводн=
morph@aom2003f	aom2003f	00:01:43.232	103.232	00:01:43.637	103.637	00:00:00.405	0.405	ADV=
morph@aom2003f	aom2003f	00:01:43.637	103.637	00:01:44.114	104.114	00:00:00.477	0.477	 A=(вин,ед,полн,муж,неод  им,ед,полн,муж)
morph@aom2003f	aom2003f	00:01:44.159	104.159	00:01:45.332	105.332	00:00:01.173	1.173	{
morph@aom2003f	aom2003f	00:01:45.359	105.359	00:01:45.766	105.766	00:00:00.407	0.407	 A=(вин,ед,полн,муж,неод  им,ед,полн,муж)
morph@aom2003f	aom2003f	00:01:45.766	105.766	00:01:46.174	106.174	00:00:00.408	0.408	 S,муж,неод=(вин,ед  им,ед)
morph@aom2003f	aom2003f	00:01:46.174	106.174	00:01:46.316	106.316	00:00:00.142	0.142	ADVPRO=
morph@aom2003f	aom2003f	00:01:46.316	106.316	00:01:46.685	106.685	00:00:00.369	0.369	ADV,прдк=
morph@aom2003f	aom2003f	00:01:46.946	106.946	00:01:47.342	107.342	00:00:00.396	0.396	S,ед,сред,неод=род
morph@aom2003f	aom2003f	00:01:47.342	107.342	00:01:47.472	107.472	00:00:00.130	0.13	ADVPRO=
morph@aom2003f	aom2003f	00:01:47.472	107.472	00:01:47.736	107.736	00:00:00.264	0.264	ADV,прдк=
morph@aom2003f	aom2003f	00:01:47.736	107.736	00:01:48.000	108.0	00:00:00.264	0.264	V,сов,пе=инф
morph@aom2003f	aom2003f	00:01:48.000	108.0	00:01:48.132	108.132	00:00:00.132	0.132	ADVPRO=
morph@aom2003f	aom2003f	00:01:48.132	108.132	00:01:48.405	108.405	00:00:00.273	0.273	#
morph@aom2003f	aom2003f	00:01:48.405	108.405	00:01:48.826	108.826	00:00:00.421	0.421	 A=(вин,мн,полн,неод  им,мн,полн)
morph@aom2003f	aom2003f	00:01:48.826	108.826	00:01:49.402	109.402	00:00:00.576	0.576	бургегы
morph@aom2003f	aom2003f	00:01:49.707	109.707	00:01:49.935	109.935	00:00:00.228	0.228	ээ
morph@aom2003f	aom2003f	00:01:50.043	110.043	00:01:50.558	110.558	00:00:00.515	0.515	S,жен,неод=им,ед
morph@aom2003f	aom2003f	00:01:50.558	110.558	00:01:50.761	110.761	00:00:00.203	0.203	ADV=
morph@aom2003f	aom2003f	00:01:50.761	110.761	00:01:51.120	111.12	00:00:00.359	0.359	A=им,ед,полн,жен
morph@aom2003f	aom2003f	00:01:51.446	111.446	00:01:51.505	111.505	00:00:00.059	0.059	 S,сокр=(пр,мн  пр,ед  вин,мн  вин,ед  дат,мн  дат,ед  род,мн  род,ед  твор,мн  твор,ед  им,мн  им,ед)
morph@aom2003f	aom2003f	00:01:51.505	111.505	00:01:51.815	111.815	00:00:00.310	0.31	S,сред,неод=пр,ед
morph@aom2003f	aom2003f	00:01:52.011	112.011	00:01:52.207	112.207	00:00:00.196	0.196	PART=
morph@aom2003f	aom2003f	00:01:52.717	112.717	00:01:53.152	113.152	00:00:00.435	0.435	ээ
morph@aom2003f	aom2003f	00:01:53.337	113.337	00:01:53.630	113.63	00:00:00.293	0.293	 SPRO,ед,сред,неод=(вин  им)
morph@aom2003f	aom2003f	00:01:53.630	113.63	00:01:53.924	113.924	00:00:00.294	0.294	ADV=
morph@aom2003f	aom2003f	00:01:54.228	114.228	00:01:54.326	114.326	00:00:00.098	0.098	 S,сокр=(пр,мн  пр,ед  вин,мн  вин,ед  дат,мн  дат,ед  род,мн  род,ед  твор,мн  твор,ед  им,мн  им,ед)
morph@aom2003f	aom2003f	00:01:54.326	114.326	00:01:54.620	114.62	00:00:00.294	0.294	S,сред,неод=пр,ед
morph@aom2003f	aom2003f	00:01:54.620	114.62	00:01:54.889	114.889	00:00:00.269	0.269	PART=
morph@aom2003f	aom2003f	00:01:54.889	114.889	00:01:55.337	115.337	00:00:00.448	0.448	V,нп=непрош,деепр,несов
morph@aom2003f	aom2003f	00:01:55.337	115.337	00:01:55.932	115.932	00:00:00.595	0.595	ADV=
morph@aom2003f	aom2003f	00:01:55.932	115.932	00:01:56.110	116.11	00:00:00.178	0.178	PR=
morph@aom2003f	aom2003f	00:01:56.110	116.11	00:01:56.517	116.517	00:00:00.407	0.407	 S,жен,неод=(вин,мн  род,ед  им,мн)
morph@aom2003f	aom2003f	00:01:56.517	116.517	00:01:56.924	116.924	00:00:00.407	0.407	S,муж,неод=род,ед
morph@aom2003f	aom2003f	00:01:56.924	116.924	00:01:57.084	117.084	00:00:00.160	0.16	PR=
morph@aom2003f	aom2003f	00:01:57.084	117.084	00:01:57.321	117.321	00:00:00.237	0.237	 S,жен,неод=(пр,ед  дат,ед)
morph@aom2003f	aom2003f	00:01:57.321	117.321	00:01:57.696	117.696	00:00:00.375	0.375	S,муж,неод=род,ед
morph@aom2003f	aom2003f	00:01:57.707	117.707	00:01:58.217	118.217	00:00:00.510	0.51	PART=
morph@aom2003f	aom2003f	00:01:58.239	118.239	00:01:58.568	118.568	00:00:00.329	0.329	S,жен,неод=им,ед
morph@aom2003f	aom2003f	00:01:58.568	118.568	00:01:58.795	118.795	00:00:00.227	0.227	PART=
morph@aom2003f	aom2003f	00:01:58.795	118.795	00:01:59.226	119.226	00:00:00.431	0.431	 APRO=(вин,ед,муж,од  род,ед,муж  род,ед,сред)
morph@aom2003f	aom2003f	00:01:59.226	119.226	00:01:59.641	119.641	00:00:00.415	0.415	 A=(вин,ед,полн,муж,од  род,ед,полн,муж  род,ед,полн,сред)
morph@aom2003f	aom2003f	00:02:00.054	120.054	00:02:00.391	120.391	00:00:00.337	0.337	ээ
morph@aom2003f	aom2003f	00:02:00.815	120.815	00:02:01.153	121.153	00:00:00.338	0.338	 V,нп=(непрош,ед,изъяв,2-л,несов  непрош,ед,изъяв,2-л,сов)
morph@aom2003f	aom2003f	00:02:01.153	121.153	00:02:01.594	121.594	00:00:00.441	0.441	PR=
morph@aom2003f	aom2003f	00:02:01.594	121.594	00:02:02.400	122.4	00:00:00.806	0.806	ээ
morph@aom2003f	aom2003f	00:02:02.400	122.4	00:02:02.652	122.652	00:00:00.252	0.252	SPRO,ед,сред,неод=род
morph@aom2003f	aom2003f	00:02:02.652	122.652	00:02:02.905	122.905	00:00:00.253	0.253	 ~~~
morph@aom2003f	aom2003f	00:02:02.905	122.905	00:02:03.374	123.374	00:00:00.469	0.469	S,муж,неод=род,ед
morph@aom2003f	aom2003f	00:02:03.374	123.374	00:02:03.804	123.804	00:00:00.430	0.43	S,фам,муж,од=дат,ед
morph@aom2003f	aom2003f	00:02:03.804	123.804	00:02:03.911	123.911	00:00:00.107	0.107	 S,сокр=(пр,мн  пр,ед  вин,мн  вин,ед  дат,мн  дат,ед  род,мн  род,ед  твор,мн  твор,ед  им,мн  им,ед)
morph@aom2003f	aom2003f	00:02:03.911	123.911	00:02:04.016	124.016	00:00:00.105	0.105	 SPRO,мн,1-л=(пр  вин  род)
morph@aom2003f	aom2003f	00:02:04.016	124.016	00:02:04.153	124.153	00:00:00.137	0.137	ADVPRO=
morph@aom2003f	aom2003f	00:02:04.153	124.153	00:02:04.337	124.337	00:00:00.184	0.184	 V,нп=(непрош,ед,изъяв,3-л,несов  непрош,мн,изъяв,3-л,несов  наст,мн,изъяв,1-л,несов  наст,ед,изъяв,1-л,несов  наст,мн,изъяв,2-л,несов  наст,ед,изъяв,2-л,несов  наст,мн,изъяв,3-л,несов  наст,ед,изъяв,3-л,несов)
morph@aom2003f	aom2003f	00:02:04.337	124.337	00:02:04.837	124.837	00:00:00.500	0.5	 S,муж,неод=(вин,ед  им,ед)
morph@aom2003f	aom2003f	00:02:04.837	124.837	00:02:05.250	125.25	00:00:00.413	0.413	S,фам,муж,од=дат,ед
morph@aom2003f	aom2003f	00:02:05.663	125.663	00:02:06.098	126.098	00:00:00.435	0.435	ээ
morph@aom2003f	aom2003f	00:02:06.185	126.185	00:02:06.289	126.289	00:00:00.104	0.104	CONJ=
morph@aom2003f	aom2003f	00:02:06.289	126.289	00:02:06.389	126.389	00:00:00.100	0.1	 S,сокр=(пр,мн  пр,ед  вин,мн  вин,ед  дат,мн  дат,ед  род,мн  род,ед  твор,мн  твор,ед  им,мн  им,ед)
morph@aom2003f	aom2003f	00:02:06.389	126.389	00:02:06.595	126.595	00:00:00.206	0.206	 S,муж,неод=(вин,ед  им,ед)
morph@aom2003f	aom2003f	00:02:06.595	126.595	00:02:07.063	127.063	00:00:00.468	0.468	S,муж,неод=пр,ед
morph@aom2003f	aom2003f	00:02:07.063	127.063	00:02:07.521	127.521	00:00:00.458	0.458	 V,нп=(непрош,ед,изъяв,3-л,несов  непрош,мн,изъяв,3-л,несов  наст,мн,изъяв,1-л,несов  наст,ед,изъяв,1-л,несов  наст,мн,изъяв,2-л,несов  наст,ед,изъяв,2-л,несов  наст,мн,изъяв,3-л,несов  наст,ед,изъяв,3-л,несов)
morph@aom2003f	aom2003f	00:02:07.521	127.521	00:02:07.747	127.747	00:00:00.226	0.226	 APRO=(им,мн  вин,мн,неод)
morph@aom2003f	aom2003f	00:02:07.747	127.747	00:02:08.315	128.315	00:00:00.568	0.568	 S,муж,неод=(вин,мн  им,мн)
morph@aom2003f	aom2003f	00:02:08.391	128.391	00:02:08.592	128.592	00:00:00.201	0.201	ADVPRO=
morph@aom2003f	aom2003f	00:02:08.592	128.592	00:02:08.793	128.793	00:00:00.201	0.201	ээ
morph@aom2003f	aom2003f	00:02:09.478	129.478	00:02:09.768	129.768	00:00:00.290	0.29	#
morph@aom2003f	aom2003f	00:02:09.768	129.768	00:02:10.558	130.558	00:00:00.790	0.79	S,фам,муж,од=им,ед
morph@aom2003f	aom2003f	00:02:10.558	130.558	00:02:11.174	131.174	00:00:00.616	0.616	0.75
morph@aom2003f	aom2003f	00:02:11.174	131.174	00:02:12.079	132.079	00:00:00.905	0.905	please
morph@aom2003f	aom2003f	00:02:12.079	132.079	00:02:12.379	132.379	00:00:00.300	0.3	 APRO=(вин,ед,муж,неод  им,ед,муж)
morph@aom2003f	aom2003f	00:02:12.379	132.379	00:02:13.239	133.239	00:00:00.860	0.86	ээ
morph@aom2003f	aom2003f	00:02:13.337	133.337	00:02:13.424	133.424	00:00:00.087	0.087	SPRO,ед,1-л=им
morph@aom2003f	aom2003f	00:02:13.424	133.424	00:02:13.511	133.511	00:00:00.087	0.087	PART=
morph@aom2003f	aom2003f	00:02:13.511	133.511	00:02:13.837	133.837	00:00:00.326	0.326	V,несов,пе=непрош,ед,изъяв,1-л
morph@aom2003f	aom2003f	00:02:13.837	133.837	00:02:13.958	133.958	00:00:00.121	0.121	ADVPRO=
morph@aom2003f	aom2003f	00:02:13.958	133.958	00:02:14.074	134.074	00:00:00.116	0.116	SPRO,ед,3-л,муж=им
morph@aom2003f	aom2003f	00:02:14.074	134.074	00:02:14.402	134.402	00:00:00.328	0.328	V,несов,нп=непрош,ед,изъяв,3-л
morph@aom2003f	aom2003f	00:02:14.407	134.407	00:02:14.526	134.526	00:00:00.119	0.119	SPRO,ед,3-л,муж=им
morph@aom2003f	aom2003f	00:02:14.526	134.526	00:02:14.695	134.695	00:00:00.169	0.169	ADVPRO=
morph@aom2003f	aom2003f	00:02:14.695	134.695	00:02:14.921	134.921	00:00:00.226	0.226	PART=
morph@aom2003f	aom2003f	00:02:14.921	134.921	00:02:15.147	135.147	00:00:00.226	0.226	 A=(вин,ед,полн,муж,неод  им,ед,полн,муж)
morph@aom2003f	aom2003f	00:02:15.147	135.147	00:02:15.434	135.434	00:00:00.287	0.287	V,нп=прош,ед,изъяв,муж,сов
morph@aom2003f	aom2003f	00:02:15.434	135.434	00:02:15.889	135.889	00:00:00.455	0.455	ADV=
morph@aom2003f	aom2003f	00:02:15.889	135.889	00:02:16.668	136.668	00:00:00.779	0.779	ээ
morph@aom2003f	aom2003f	00:02:16.668	136.668	00:02:17.027	137.027	00:00:00.359	0.359	S,муж,неод=род,ед
morph@aom2003f	aom2003f	00:02:17.027	137.027	00:02:17.558	137.558	00:00:00.531	0.531	 A=(вин,ед,полн,муж,неод  им,ед,полн,муж)
morph@aom2003f	aom2003f	00:02:17.559	137.559	00:02:18.051	138.051	00:00:00.492	0.492	ADV=
morph@aom2003f	aom2003f	00:02:18.051	138.051	00:02:18.544	138.544	00:00:00.493	0.493	 A=(вин,ед,полн,муж,неод  им,ед,полн,муж)
morph@aom2003f	aom2003f	00:02:18.941	138.941	00:02:19.235	139.235	00:00:00.294	0.294	ээ
morph@aom2003f	aom2003f	00:02:19.405	139.405	00:02:19.664	139.664	00:00:00.259	0.259	V,несов,пе=инф
morph@aom2003f	aom2003f	00:02:19.664	139.664	00:02:19.856	139.856	00:00:00.192	0.192	PART=
morph@aom2003f	aom2003f	00:02:19.856	139.856	00:02:20.111	140.111	00:00:00.255	0.255	 NUM=(вин  им)
morph@aom2003f	aom2003f	00:02:20.111	140.111	00:02:20.363	140.363	00:00:00.252	0.252	S,жен,неод=род,мн
morph@aom2003f	aom2003f	00:02:20.363	140.363	00:02:20.446	140.446	00:00:00.083	0.083	CONJ=
morph@aom2003f	aom2003f	00:02:20.446	140.446	00:02:20.671	140.671	00:00:00.225	0.225	ADV,вводн=
morph@aom2003f	aom2003f	00:02:20.671	140.671	00:02:20.853	140.853	00:00:00.182	0.182	PART=
morph@aom2003f	aom2003f	00:02:20.853	140.853	00:02:20.956	140.956	00:00:00.103	0.103	PR=
morph@aom2003f	aom2003f	00:02:20.956	140.956	00:02:21.189	141.189	00:00:00.233	0.233	 NUM=(вин  им)
morph@aom2003f	aom2003f	00:02:21.189	141.189	00:02:21.526	141.526	00:00:00.337	0.337	S,муж,неод=род,мн
morph@aom2003f	aom2003f	00:02:22.174	142.174	00:02:22.616	142.616	00:00:00.442	0.442	ADV,прдк=
morph@aom2003f	aom2003f	00:02:22.616	142.616	00:02:22.812	142.812	00:00:00.196	0.196	 NUM=(им  вин,неод)
morph@aom2003f	aom2003f	00:02:22.812	142.812	00:02:23.074	143.074	00:00:00.262	0.262	 S,сред,неод=(вин,мн  род,ед  им,мн)
morph@aom2003f	aom2003f	00:02:23.074	143.074	00:02:23.450	143.45	00:00:00.376	0.376	V=инф,сов
morph@aom2003f	aom2003f	00:02:23.460	143.46	00:02:23.770	143.77	00:00:00.310	0.31	{
morph@aom2003f	aom2003f	00:02:23.820	143.82	00:02:24.470	144.47	00:00:00.650	0.65	 A=(вин,мн,полн,прев,неод  им,мн,полн,прев)
morph@aom2003f	aom2003f	00:02:25.168	145.168	00:02:25.537	145.537	00:00:00.369	0.369	 A=(пр,мн  дат,мн  род,мн  твор,мн  им,мн  им,ед,жен  вин,ед,муж,од  род,ед,муж  род,ед,сред  вин,ед,сред  им,ед,сред  пр,ед,жен  дат,ед,жен  род,ед,жен  твор,ед,жен  пр,ед,муж  пр,ед,сред  дат,ед,муж  дат,ед,сред  вин,ед,жен  вин,мн,неод  вин,ед,муж,неод  им,ед,муж  твор,ед,муж  твор,ед,сред  вин,мн,од)
morph@aom2003f	aom2003f	00:02:25.537	145.537	00:02:26.500	146.5	00:00:00.963	0.963	ADV=
morph@aom2003f	aom2003f	00:02:26.500	146.5	00:02:26.942	146.942	00:00:00.442	0.442	V,сов,нп=инф
morph@aom2003f	aom2003f	00:02:26.942	146.942	00:02:27.032	147.032	00:00:00.090	0.09	 -
morph@aom2003f	aom2003f	00:02:27.032	147.032	00:02:27.490	147.49	00:00:00.458	0.458	 S,муж,неод=(вин,ед  им,ед)
morph@aom2003f	aom2003f	00:02:28.860	148.86	00:02:29.260	149.26	00:00:00.400	0.4	PART=
morph@aom2003f	aom2003f	00:02:29.320	149.32	00:02:29.930	149.93	00:00:00.610	0.61	ээ
morph@aom2003f	aom2003f	00:02:30.870	150.87	00:02:31.466	151.466	00:00:00.596	0.596	S,фам,муж,од=им,ед
morph@aom2003f	aom2003f	00:02:31.466	151.466	00:02:32.063	152.063	00:00:00.597	0.597	0.75
morph@aom2003f	aom2003f	00:02:32.063	152.063	00:02:32.550	152.55	00:00:00.487	0.487	please
morph@aom2003f	aom2003f	00:02:32.550	152.55	00:02:32.921	152.921	00:00:00.371	0.371	CONJ=
morph@aom2003f	aom2003f	00:02:32.921	152.921	00:02:33.032	153.032	00:00:00.111	0.111	SPRO,мн,2-л=им
morph@aom2003f	aom2003f	00:02:33.032	153.032	00:02:33.111	153.111	00:00:00.079	0.079	PR=
morph@aom2003f	aom2003f	00:02:33.111	153.111	00:02:33.368	153.368	00:00:00.257	0.257	 S,гео,жен,неод=(вин,мн  род,ед  им,мн)
morph@aom2003f	aom2003f	00:02:33.368	153.368	00:02:33.458	153.458	00:00:00.090	0.09	CONJ=
morph@aom2003f	aom2003f	00:02:33.458	153.458	00:02:33.840	153.84	00:00:00.382	0.382	V,несов,нп=непрош,мн,изъяв,2-л
morph@aom2003f	aom2003f	00:02:33.850	153.85	00:02:34.611	154.611	00:00:00.761	0.761	 S,муж,неод=(вин,ед  им,ед)
morph@aom2003f	aom2003f	00:03:19.023	199.023	00:03:19.284	199.284	00:00:00.261	0.261	 S,сокр=(пр,мн  пр,ед  вин,мн  вин,ед  дат,мн  дат,ед  род,мн  род,ед  твор,мн  твор,ед  им,мн  им,ед)
morph@aom2003f	aom2003f	00:03:19.875	199.875	00:03:20.966	200.966	00:00:01.091	1.091	 S,гео,муж,неод=(вин,ед  им,ед)
morph@aom2003f	aom2003f	00:03:21.284	201.284	00:03:21.507	201.507	00:00:00.223	0.223	ээ
morph@aom2003f	aom2003f	00:03:21.507	201.507	00:03:21.868	201.868	00:00:00.361	0.361	 APRO=(вин,ед,муж,неод  им,ед,муж)
morph@aom2003f	aom2003f	00:03:21.868	201.868	00:03:22.324	202.324	00:00:00.456	0.456	ээ
morph@aom2003f	aom2003f	00:03:22.324	202.324	00:03:23.068	203.068	00:00:00.744	0.744	 S,гео,муж,неод=(вин,ед  им,ед)
morph@aom2003f	aom2003f	00:03:23.648	203.648	00:03:24.273	204.273	00:00:00.625	0.625	 S,гео,муж,неод=(вин,ед  им,ед)
morph@aom2003f	aom2003f	00:03:24.955	204.955	00:03:25.096	205.096	00:00:00.141	0.141	ээ
morph@aom2003f	aom2003f	00:03:25.096	205.096	00:03:25.279	205.279	00:00:00.183	0.183	 A=(вин,ед,полн,муж,неод  им,ед,полн,муж)
morph@aom2003f	aom2003f	00:03:25.279	205.279	00:03:25.706	205.706	00:00:00.427	0.427	 S,муж,неод=(вин,ед  им,ед)
morph@aom2003f	aom2003f	00:03:25.706	205.706	00:03:25.971	205.971	00:00:00.265	0.265	 A=(вин,ед,полн,муж,неод  им,ед,полн,муж)
morph@aom2003f	aom2003f	00:03:25.971	205.971	00:03:26.390	206.39	00:00:00.419	0.419	 S,муж,неод=(вин,ед  им,ед)
morph@aom2003f	aom2003f	00:03:26.841	206.841	00:03:27.096	207.096	00:00:00.255	0.255	ээ
morph@aom2003f	aom2003f	00:03:27.096	207.096	00:03:27.352	207.352	00:00:00.256	0.256	ADVPRO=
morph@aom2003f	aom2003f	00:03:27.364	207.364	00:03:27.860	207.86	00:00:00.496	0.496	ээ
morph@aom2003f	aom2003f	00:03:27.860	207.86	00:03:28.331	208.331	00:00:00.471	0.471	V,нп=непрош,ед,изъяв,3-л,несов
morph@aom2003f	aom2003f	00:03:28.331	208.331	00:03:28.507	208.507	00:00:00.176	0.176	PR=
morph@aom2003f	aom2003f	00:03:28.507	208.507	00:03:28.818	208.818	00:00:00.311	0.311	 SPRO,мн,1-л=(пр  вин  род)
morph@aom2003f	aom2003f	00:03:29.059	209.059	00:03:29.397	209.397	00:00:00.338	0.338	 SPRO,ед,сред,неод=(вин  им)
morph@aom2003f	aom2003f	00:03:29.890	209.89	00:03:30.603	210.603	00:00:00.713	0.713	S,жен,од=им,ед
morph@aom2003f	aom2003f	00:03:30.603	210.603	00:03:31.184	211.184	00:00:00.581	0.581	 A=(вин,ед,полн,муж,неод  им,ед,полн,муж)
morph@aom2003f	aom2003f	00:03:31.184	211.184	00:03:31.566	211.566	00:00:00.382	0.382	 S,муж,неод=(вин,ед  им,ед)
morph@aom2003f	aom2003f	00:03:31.566	211.566	00:03:31.868	211.868	00:00:00.302	0.302	INTJ=
morph@aom2003f	aom2003f	00:03:32.193	212.193	00:03:32.464	212.464	00:00:00.271	0.271	ээ
morph@aom2003f	aom2003f	00:03:32.464	212.464	00:03:32.735	212.735	00:00:00.271	0.271	PART=
morph@aom2003f	aom2003f	00:03:32.735	212.735	00:03:32.897	212.897	00:00:00.162	0.162	ADVPRO=
morph@aom2003f	aom2003f	00:03:32.897	212.897	00:03:33.110	213.11	00:00:00.213	0.213	PART=
morph@aom2003f	aom2003f	00:03:33.110	213.11	00:03:33.868	213.868	00:00:00.758	0.758	PART=
morph@aom2003f	aom2003f	00:03:33.868	213.868	00:03:34.059	214.059	00:00:00.191	0.191	PR=
morph@aom2003f	aom2003f	00:03:34.059	214.059	00:03:34.301	214.301	00:00:00.242	0.242	 SPRO,мн,1-л=(пр  вин  род)
morph@aom2003f	aom2003f	00:03:34.301	214.301	00:03:34.691	214.691	00:00:00.390	0.39	V,нп=непрош,ед,изъяв,3-л,несов
morph@aom2003f	aom2003f	00:03:34.691	214.691	00:03:35.398	215.398	00:00:00.707	0.707	 S,гео,ед,муж,неод=(пр  вин  дат  род  твор  им)
morph@aom2003f	aom2003f	00:03:35.966	215.966	00:03:36.118	216.118	00:00:00.152	0.152	PART=
morph@aom2003f	aom2003f	00:03:36.118	216.118	00:03:36.294	216.294	00:00:00.176	0.176	ADVPRO=
morph@aom2003f	aom2003f	00:03:36.294	216.294	00:03:36.419	216.419	00:00:00.125	0.125	PR=
morph@aom2003f	aom2003f	00:03:36.419	216.419	00:03:36.654	216.654	00:00:00.235	0.235	 SPRO,мн,1-л=(пр  вин  род)
morph@aom2003f	aom2003f	00:03:36.654	216.654	00:03:37.091	217.091	00:00:00.437	0.437	МВДЦ
morph@aom2003f	aom2003f	00:03:37.091	217.091	00:03:37.529	217.529	00:00:00.438	0.438	 S,гео,жен,неод=(вин,ед  им,ед)
morph@aom2003f	aom2003f	00:03:38.295	218.295	00:03:38.682	218.682	00:00:00.387	0.387	PART=
morph@aom2003f	aom2003f	00:03:38.705	218.705	00:03:39.102	219.102	00:00:00.397	0.397	ADVPRO=
morph@aom2003f	aom2003f	00:03:39.102	219.102	00:03:39.499	219.499	00:00:00.397	0.397	#
morph@aom2003f	aom2003f	00:03:39.499	219.499	00:03:39.896	219.896	00:00:00.397	0.397	S,жен,неод=им,ед
morph@aom2003f	aom2003f	00:03:39.896	219.896	00:03:40.295	220.295	00:00:00.399	0.399	S,фам,жен,од=им,ед
morph@aom2003f	aom2003f	00:03:41.761	221.761	00:03:42.015	222.015	00:00:00.254	0.254	 SPRO,ед,сред,неод=(вин  им)
morph@aom2003f	aom2003f	00:03:42.015	222.015	00:03:42.191	222.191	00:00:00.176	0.176	ADVPRO=
morph@aom2003f	aom2003f	00:03:42.191	222.191	00:03:43.228	223.228	00:00:01.037	1.037	/
morph@aom2003f	aom2003f	00:03:43.228	223.228	00:03:43.898	223.898	00:00:00.670	0.67	/
morph@aom2003f	aom2003f	00:03:44.591	224.591	00:03:45.227	225.227	00:00:00.636	0.636	 A=(вин,ед,полн,муж,неод  им,ед,полн,муж  пр,ед,полн,жен  дат,ед,полн,жен  род,ед,полн,жен  твор,ед,полн,жен)
morph@aom2003f	aom2003f	00:03:45.227	225.227	00:03:45.757	225.757	00:00:00.530	0.53	 S,муж,неод=(вин,ед  им,ед)
morph@aom2003f	aom2003f	00:03:45.757	225.757	00:03:46.243	226.243	00:00:00.486	0.486	 S,гео,жен,неод=(вин,ед  им,ед)
morph@aom2003f	aom2003f	00:03:46.818	226.818	00:03:47.295	227.295	00:00:00.477	0.477	PART=
morph@aom2003f	aom2003f	00:03:47.591	227.591	00:03:47.983	227.983	00:00:00.392	0.392	 APRO=(им,мн  вин,мн,неод)
morph@aom2003f	aom2003f	00:03:47.983	227.983	00:03:48.375	228.375	00:00:00.392	0.392	 S,сред,неод=(вин,мн  род,ед  им,мн)
morph@aom2003f	aom2003f	00:03:48.807	228.807	00:03:49.318	229.318	00:00:00.511	0.511	S,жен,од=им,ед
morph@aom2003f	aom2003f	00:03:49.330	229.33	00:03:49.721	229.721	00:00:00.391	0.391	S,жен,од=им,ед
morph@aom2003f	aom2003f	00:03:49.721	229.721	00:03:49.814	229.814	00:00:00.093	0.093	 -
morph@aom2003f	aom2003f	00:03:49.814	229.814	00:03:49.978	229.978	00:00:00.164	0.164	 SPRO,ед,сред,неод=(вин  им)
morph@aom2003f	aom2003f	00:03:49.978	229.978	00:03:50.059	230.059	00:00:00.081	0.081	PR=
morph@aom2003f	aom2003f	00:03:50.059	230.059	00:03:50.382	230.382	00:00:00.323	0.323	 SPRO,мн,1-л=(пр  вин  род)
morph@aom2003f	aom2003f	00:03:50.382	230.382	00:03:50.784	230.784	00:00:00.402	0.402	ээ
morph@aom2003f	aom2003f	00:03:51.159	231.159	00:03:51.537	231.537	00:00:00.378	0.378	PR=
morph@aom2003f	aom2003f	00:03:51.537	231.537	00:03:51.915	231.915	00:00:00.378	0.378	PR=
morph@aom2003f	aom2003f	00:03:51.915	231.915	00:03:52.434	232.434	00:00:00.519	0.519	A=им,ед,полн,жен
morph@aom2003f	aom2003f	00:03:52.434	232.434	00:03:52.603	232.603	00:00:00.169	0.169	PART=
morph@aom2003f	aom2003f	00:03:52.603	232.603	00:03:53.017	233.017	00:00:00.414	0.414	A=им,ед,полн,жен
morph@aom2003f	aom2003f	00:03:53.017	233.017	00:03:53.432	233.432	00:00:00.415	0.415	S,жен,неод=им,ед
morph@aom2003f	aom2003f	00:03:53.432	233.432	00:03:53.537	233.537	00:00:00.105	0.105	ADVPRO=
morph@aom2003f	aom2003f	00:03:53.537	233.537	00:03:53.735	233.735	00:00:00.198	0.198	ADV=
morph@aom2003f	aom2003f	00:03:53.735	233.735	00:03:54.159	234.159	00:00:00.424	0.424	ADV=
morph@aom2003f	aom2003f	00:03:54.159	234.159	00:03:54.324	234.324	00:00:00.165	0.165	ADVPRO=
morph@aom2003f	aom2003f	00:03:54.324	234.324	00:03:54.494	234.494	00:00:00.170	0.17	ADV=
morph@aom2003f	aom2003f	00:03:54.494	234.494	00:03:55.011	235.011	00:00:00.517	0.517	ADV=
morph@aom2003f	aom2003f	00:03:55.034	235.034	00:03:55.261	235.261	00:00:00.227	0.227	#
morph@aom2003f	aom2003f	00:03:55.261	235.261	00:03:55.489	235.489	00:00:00.228	0.228	PART=
morph@aom2003f	aom2003f	00:03:55.761	235.761	00:03:55.901	235.901	00:00:00.140	0.14	CONJ=
morph@aom2003f	aom2003f	00:03:55.901	235.901	00:03:56.055	236.055	00:00:00.154	0.154	SPRO,мн,2-л=им
morph@aom2003f	aom2003f	00:03:56.055	236.055	00:03:56.415	236.415	00:00:00.360	0.36	V,несов,нп=непрош,мн,изъяв,2-л
morph@aom2003f	aom2003f	00:03:56.415	236.415	00:03:56.569	236.569	00:00:00.154	0.154	ADVPRO=
morph@aom2003f	aom2003f	00:03:56.569	236.569	00:03:56.731	236.731	00:00:00.162	0.162	PART=
morph@aom2003f	aom2003f	00:03:56.731	236.731	00:03:57.198	237.198	00:00:00.467	0.467	V,сов,пе=инф
morph@aom2003f	aom2003f	00:03:57.198	237.198	00:03:58.142	238.142	00:00:00.944	0.944	 A,полн=(вин,ед,муж,од  род,ед,муж  род,ед,сред)
morph@aom2003f	aom2003f	00:03:58.142	238.142	00:03:58.447	238.447	00:00:00.305	0.305	 APRO=(вин,ед,муж,од  род,ед,муж  род,ед,сред)
morph@aom2003f	aom2003f	00:03:58.447	238.447	00:03:58.798	238.798	00:00:00.351	0.351	S,ед,сред,неод=род
morph@aom2003f	aom2003f	00:03:58.798	238.798	00:03:59.004	239.004	00:00:00.206	0.206	 SPRO,ед,сред,неод=(вин  им)
morph@aom2003f	aom2003f	00:03:59.004	239.004	00:03:59.419	239.419	00:00:00.415	0.415	ADVPRO=
morph@aom2003f	aom2003f	00:03:59.975	239.975	00:04:00.068	240.068	00:00:00.093	0.093	INTJ=
morph@aom2003f	aom2003f	00:04:00.085	240.085	00:04:00.534	240.534	00:00:00.449	0.449	 APRO=(вин,мн,полн,неод  им,мн,полн)
morph@aom2003f	aom2003f	00:04:00.534	240.534	00:04:00.723	240.723	00:00:00.189	0.189	PART=
morph@aom2003f	aom2003f	00:04:00.723	240.723	00:04:01.028	241.028	00:00:00.305	0.305	 S,муж,неод=(вин,мн  им,мн)
morph@aom2003f	aom2003f	00:04:01.028	241.028	00:04:01.296	241.296	00:00:00.268	0.268	S,муж,неод=род,ед
morph@aom2003f	aom2003f	00:04:01.296	241.296	00:04:01.810	241.81	00:00:00.514	0.514	S,жен,неод=им,ед
morph@aom2003f	aom2003f	00:04:01.810	241.81	00:04:02.763	242.763	00:00:00.953	0.953	S,муж,неод=род,ед
morph@aom2003f	aom2003f	00:04:02.763	242.763	00:04:02.996	242.996	00:00:00.233	0.233	 APRO=(вин,мн,полн,неод  им,мн,полн)
morph@aom2003f	aom2003f	00:04:02.996	242.996	00:04:03.229	243.229	00:00:00.233	0.233	 APRO=(им,мн  вин,мн,неод)
morph@aom2003f	aom2003f	00:04:03.229	243.229	00:04:03.474	243.474	00:00:00.245	0.245	PART=
morph@aom2003f	aom2003f	00:04:03.474	243.474	00:04:04.128	244.128	00:00:00.654	0.654	 S,жен,неод=(вин,мн  род,ед  им,мн)
morph@aom2003f	aom2003f	00:04:04.128	244.128	00:04:04.379	244.379	00:00:00.251	0.251	 S,имя,жен,од=(пр,ед  дат,ед  род,ед  им,мн)
morph@aom2003f	aom2003f	00:04:04.379	244.379	00:04:04.812	244.812	00:00:00.433	0.433	ADV=
morph@aom2003f	aom2003f	00:04:04.812	244.812	00:04:05.083	245.083	00:00:00.271	0.271	CONJ=
morph@aom2003f	aom2003f	00:04:05.083	245.083	00:04:05.324	245.324	00:00:00.241	0.241	S,жен,неод=им,ед
morph@aom2003f	aom2003f	00:04:05.324	245.324	00:04:05.839	245.839	00:00:00.515	0.515	APRO=им,ед,жен
morph@aom2003f	aom2003f	00:04:05.839	245.839	00:04:05.992	245.992	00:00:00.153	0.153	 SPRO,ед,сред,неод=(вин  им)
morph@aom2003f	aom2003f	00:04:05.992	245.992	00:04:06.217	246.217	00:00:00.225	0.225	PART=
morph@aom2003f	aom2003f	00:04:06.217	246.217	00:04:06.483	246.483	00:00:00.266	0.266	ADVPRO=
morph@aom2003f	aom2003f	00:04:06.805	246.805	00:04:07.368	247.368	00:00:00.563	0.563	 S,муж,неод=(вин,мн  им,мн)
morph@aom2003f	aom2003f	00:04:07.368	247.368	00:04:07.932	247.932	00:00:00.564	0.564	 A=(вин,мн,полн,неод  им,мн,полн)
morph@aom2003f	aom2003f	00:04:07.932	247.932	00:04:08.495	248.495	00:00:00.563	0.563	S,ед,жен,неод=им
morph@aom2003f	aom2003f	00:04:08.495	248.495	00:04:09.059	249.059	00:00:00.564	0.564	A=им,ед,полн,жен
morph@aom2003f	aom2003f	00:04:09.059	249.059	00:04:09.487	249.487	00:00:00.428	0.428	ADV=
morph@aom2003f	aom2003f	00:04:09.487	249.487	00:04:09.591	249.591	00:00:00.104	0.104	 S,сокр=(пр,мн  пр,ед  вин,мн  вин,ед  дат,мн  дат,ед  род,мн  род,ед  твор,мн  твор,ед  им,мн  им,ед)
morph@aom2003f	aom2003f	00:04:09.591	249.591	00:04:10.117	250.117	00:00:00.526	0.526	S,сред,неод=дат,ед
morph@aom2003f	aom2003f	00:04:10.117	250.117	00:04:10.492	250.492	00:00:00.375	0.375	ADV=
morph@aom2003f	aom2003f	00:04:11.170	251.17	00:04:11.318	251.318	00:00:00.148	0.148	PART=
morph@aom2003f	aom2003f	00:04:11.318	251.318	00:04:11.661	251.661	00:00:00.343	0.343	{
morph@aom2003f	aom2003f	00:04:11.661	251.661	00:04:11.983	251.983	00:00:00.322	0.322	CONJ=
morph@aom2003f	aom2003f	00:04:12.763	252.763	00:04:13.675	253.675	00:00:00.912	0.912	/
morph@aom2003f	aom2003f	00:04:13.675	253.675	00:04:14.065	254.065	00:00:00.390	0.39	 APRO=(вин,ед,муж,неод  им,ед,муж)
morph@aom2003f	aom2003f	00:04:14.065	254.065	00:04:14.260	254.26	00:00:00.195	0.195	PART=
morph@aom2003f	aom2003f	00:04:14.260	254.26	00:04:14.941	254.941	00:00:00.681	0.681	 S,муж,неод=(вин,ед  им,ед)
morph@aom2003f	aom2003f	00:04:16.214	256.214	00:04:16.549	256.549	00:00:00.335	0.335	 A=(вин,мн,полн,неод  им,мн,полн)
morph@aom2003f	aom2003f	00:04:16.549	256.549	00:04:16.884	256.884	00:00:00.335	0.335	S,муж,од=им,мн
morph@aom2003f	aom2003f	00:04:16.884	256.884	00:04:17.220	257.22	00:00:00.336	0.336	V,несов,нп=непрош,мн,изъяв,3-л
morph@aom2003f	aom2003f	00:04:17.670	257.67	00:04:18.161	258.161	00:00:00.491	0.491	 SPRO,ед,сред,неод=(вин  им)
morph@aom2003f	aom2003f	00:04:18.161	258.161	00:04:18.653	258.653	00:00:00.492	0.492	ADV=
morph@aom2003f	aom2003f	00:04:19.203	259.203	00:04:19.636	259.636	00:00:00.433	0.433	 S,сред,неод=(пр,ед  вин,ед  им,ед)
morph@aom2003f	aom2003f	00:04:19.636	259.636	00:04:20.305	260.305	00:00:00.669	0.669	 S,муж,неод=(вин,мн  им,мн)
morph@aom2003f	aom2003f	00:04:20.712	260.712	00:04:21.593	261.593	00:00:00.881	0.881	 S,сред,неод=(пр,ед  вин,ед  им,ед)
morph@aom2003f	aom2003f	00:04:22.432	262.432	00:04:22.962	262.962	00:00:00.530	0.53	Welcome
morph@aom2003f	aom2003f	00:04:22.962	262.962	00:04:23.492	263.492	00:00:00.530	0.53	Bar
morph@aom2003f	aom2003f	00:04:23.720	263.72	00:04:24.271	264.271	00:00:00.551	0.551	 A=(пр,мн  дат,мн  род,мн  твор,мн  им,мн  им,ед,жен  вин,ед,муж,од  род,ед,муж  род,ед,сред  вин,ед,сред  им,ед,сред  пр,ед,жен  дат,ед,жен  род,ед,жен  твор,ед,жен  пр,ед,муж  пр,ед,сред  дат,ед,муж  дат,ед,сред  вин,ед,жен  вин,мн,неод  вин,ед,муж,неод  им,ед,муж  твор,ед,муж  твор,ед,сред  вин,мн,од)
morph@aom2003f	aom2003f	00:04:24.381	264.381	00:04:24.740	264.74	00:00:00.359	0.359	Welcome
morph@aom2003f	aom2003f	00:04:24.740	264.74	00:04:24.987	264.987	00:00:00.247	0.247	Bar
morph@aom2003f	aom2003f	00:04:24.987	264.987	00:04:25.071	265.071	00:00:00.084	0.084	 SPRO,ед,сред,неод=(вин  им)
morph@aom2003f	aom2003f	00:04:25.071	265.071	00:04:25.214	265.214	00:00:00.143	0.143	PART=
morph@aom2003f	aom2003f	00:04:25.214	265.214	00:04:25.403	265.403	00:00:00.189	0.189	SPRO,мн,1-л=им
morph@aom2003f	aom2003f	00:04:25.403	265.403	00:04:26.001	266.001	00:00:00.598	0.598	V,нп=непрош,мн,изъяв,1-л,несов
morph@aom2003f	aom2003f	00:04:26.001	266.001	00:04:26.364	266.364	00:00:00.363	0.363	ADV=
morph@aom2003f	aom2003f	00:04:26.364	266.364	00:04:26.513	266.513	00:00:00.149	0.149	PR=
morph@aom2003f	aom2003f	00:04:26.513	266.513	00:04:26.814	266.814	00:00:00.301	0.301	S,жен,неод=вин,ед
morph@aom2003f	aom2003f	00:04:26.814	266.814	00:04:27.085	267.085	00:00:00.271	0.271	S,муж,неод=род,ед
morph@aom2003f	aom2003f	00:04:27.373	267.373	00:04:27.481	267.481	00:00:00.108	0.108	 S,сокр=(пр,мн  пр,ед  вин,мн  вин,ед  дат,мн  дат,ед  род,мн  род,ед  твор,мн  твор,ед  им,мн  им,ед)
morph@aom2003f	aom2003f	00:04:27.481	267.481	00:04:27.760	267.76	00:00:00.279	0.279	Welcome
morph@aom2003f	aom2003f	00:04:27.760	267.76	00:04:28.071	268.071	00:00:00.311	0.311	Bar
morph@aom2003f	aom2003f	00:04:28.071	268.071	00:04:28.366	268.366	00:00:00.295	0.295	 A=(вин,мн,полн,неод  им,мн,полн)
morph@aom2003f	aom2003f	00:04:28.366	268.366	00:04:28.661	268.661	00:00:00.295	0.295	S,муж,од=им,мн
morph@aom2003f	aom2003f	00:04:28.661	268.661	00:04:28.958	268.958	00:00:00.297	0.297	V,несов,нп=непрош,мн,изъяв,3-л
morph@aom2003f	aom2003f	00:04:28.958	268.958	00:04:29.526	269.526	00:00:00.568	0.568	S,имя,муж,од=им,ед
morph@aom2003f	aom2003f	00:04:29.526	269.526	00:04:29.847	269.847	00:00:00.321	0.321	{
morph@aom2003f	aom2003f	00:04:30.119	270.119	00:04:30.754	270.754	00:00:00.635	0.635	 A=(пр,мн  дат,мн  род,мн  твор,мн  им,мн  им,ед,жен  вин,ед,муж,од  род,ед,муж  род,ед,сред  вин,ед,сред  им,ед,сред  пр,ед,жен  дат,ед,жен  род,ед,жен  твор,ед,жен  пр,ед,муж  пр,ед,сред  дат,ед,муж  дат,ед,сред  вин,ед,жен  вин,мн,неод  вин,ед,муж,неод  им,ед,муж  твор,ед,муж  твор,ед,сред  вин,мн,од)
morph@aom2003f	aom2003f	00:04:30.754	270.754	00:04:31.415	271.415	00:00:00.661	0.661	 S,муж,неод=(вин,ед  им,ед)
morph@aom2003f	aom2003f	00:04:31.593	271.593	00:04:32.271	272.271	00:00:00.678	0.678	ээ
morph@aom2003f	aom2003f	00:04:32.466	272.466	00:04:32.929	272.929	00:00:00.463	0.463	CONJ=
morph@aom2003f	aom2003f	00:04:32.929	272.929	00:04:33.292	273.292	00:00:00.363	0.363	Common
morph@aom2003f	aom2003f	00:04:33.292	273.292	00:04:33.720	273.72	00:00:00.428	0.428	place
morph@aom2003f	aom2003f	00:04:33.729	273.729	00:04:34.069	274.069	00:00:00.340	0.34	Common
morph@aom2003f	aom2003f	00:04:34.069	274.069	00:04:34.342	274.342	00:00:00.273	0.273	place
morph@aom2003f	aom2003f	00:04:34.342	274.342	00:04:34.864	274.864	00:00:00.522	0.522	ADV,вводн=
morph@aom2003f	aom2003f	00:04:34.864	274.864	00:04:34.994	274.994	00:00:00.130	0.13	 S,сокр=(пр,мн  пр,ед  вин,мн  вин,ед  дат,мн  дат,ед  род,мн  род,ед  твор,мн  твор,ед  им,мн  им,ед)
morph@aom2003f	aom2003f	00:04:34.994	274.994	00:04:35.432	275.432	00:00:00.438	0.438	S,сред,неод=пр,ед
morph@aom2003f	aom2003f	00:04:35.432	275.432	00:04:35.669	275.669	00:00:00.237	0.237	 APRO=(вин,ед,муж,неод  им,ед,муж)
morph@aom2003f	aom2003f	00:04:35.669	275.669	00:04:36.169	276.169	00:00:00.500	0.5	 A=(вин,ед,полн,муж,неод  им,ед,полн,муж)
morph@aom2003f	aom2003f	00:04:36.169	276.169	00:04:36.318	276.318	00:00:00.149	0.149	ADVPRO=
morph@aom2003f	aom2003f	00:04:36.318	276.318	00:04:36.526	276.526	00:00:00.208	0.208	ADV=
morph@aom2003f	aom2003f	00:04:36.526	276.526	00:04:36.994	276.994	00:00:00.468	0.468	 A=(вин,мн,полн,неод  им,мн,полн)
morph@aom2003f	aom2003f	00:04:36.994	276.994	00:04:37.292	277.292	00:00:00.298	0.298	 S,муж,неод=(вин,мн  им,мн)
morph@aom2003f	aom2003f	00:04:37.292	277.292	00:04:37.517	277.517	00:00:00.225	0.225	PART=
morph@aom2003f	aom2003f	00:04:37.517	277.517	00:04:37.830	277.83	00:00:00.313	0.313	 APRO=(им,мн  вин,мн,неод)
morph@aom2003f	aom2003f	00:04:37.830	277.83	00:04:38.144	278.144	00:00:00.314	0.314	PART=
morph@aom2003f	aom2003f	00:04:38.483	278.483	00:04:38.814	278.814	00:00:00.331	0.331	ээ
morph@aom2003f	aom2003f	00:04:38.814	278.814	00:04:39.191	279.191	00:00:00.377	0.377	ADV=
morph@aom2003f	aom2003f	00:04:39.191	279.191	00:04:39.568	279.568	00:00:00.377	0.377	ADV=
morph@aom2003f	aom2003f	00:04:39.568	279.568	00:04:39.740	279.74	00:00:00.172	0.172	ADVPRO=
morph@aom2003f	aom2003f	00:04:39.740	279.74	00:04:40.146	280.146	00:00:00.406	0.406	 S,сред,неод=(пр,мн  пр,ед  вин,мн  вин,ед  дат,мн  дат,ед  род,мн  род,ед  твор,мн  твор,ед  им,мн  им,ед)
morph@aom2003f	aom2003f	00:04:40.146	280.146	00:04:40.552	280.552	00:00:00.406	0.406	V,несов,нп=непрош,ед,изъяв,3-л
morph@aom2003f	aom2003f	00:04:40.552	280.552	00:04:40.864	280.864	00:00:00.312	0.312	 APRO=(вин,ед,муж,неод  им,ед,муж)
morph@aom2003f	aom2003f	00:04:40.864	280.864	00:04:40.957	280.957	00:00:00.093	0.093	 /
morph@aom2003f	aom2003f	00:04:40.957	280.957	00:04:41.263	281.263	00:00:00.306	0.306	 S,муж,неод=(вин,ед  им,ед)
morph@aom2003f	aom2003f	00:04:41.907	281.907	00:04:42.136	282.136	00:00:00.229	0.229	PART=
morph@aom2003f	aom2003f	00:04:44.500	284.5	00:04:45.034	285.034	00:00:00.534	0.534	#
morph@aom2003f	aom2003f	00:04:45.839	285.839	00:04:46.065	286.065	00:00:00.226	0.226	SPRO,мн=дат
morph@aom2003f	aom2003f	00:04:46.065	286.065	00:04:46.492	286.492	00:00:00.427	0.427	 S,жен,од=(пр,ед  дат,ед)
morph@aom2003f	aom2003f	00:04:46.492	286.492	00:04:46.766	286.766	00:00:00.274	0.274	SPRO,мн=дат
morph@aom2003f	aom2003f	00:04:46.766	286.766	00:04:47.314	287.314	00:00:00.548	0.548	V,несов,нп=непрош,ед,изъяв,1-л
morph@aom2003f	aom2003f	00:04:47.949	287.949	00:04:48.280	288.28	00:00:00.331	0.331	эа
morph@aom2003f	aom2003f	00:04:48.593	288.593	00:04:48.916	288.916	00:00:00.323	0.323	V,несов,нп=непрош,ед,изъяв,1-л
morph@aom2003f	aom2003f	00:04:48.916	288.916	00:04:49.032	289.032	00:00:00.116	0.116	ADV=
morph@aom2003f	aom2003f	00:04:49.032	289.032	00:04:49.356	289.356	00:00:00.324	0.324	V=инф,сов
morph@aom2003f	aom2003f	00:04:49.356	289.356	00:04:49.669	289.669	00:00:00.313	0.313	ADVPRO=
morph@aom2003f	aom2003f	00:04:49.669	289.669	00:04:49.935	289.935	00:00:00.266	0.266	ADVPRO=
morph@aom2003f	aom2003f	00:04:49.935	289.935	00:04:50.602	290.602	00:00:00.667	0.667	V,нп=прош,ед,изъяв,сред,сов
morph@aom2003f	aom2003f	00:04:50.602	290.602	00:04:50.765	290.765	00:00:00.163	0.163	 SPRO,ед,сред,неод=(вин  им)
morph@aom2003f	aom2003f	00:04:50.765	290.765	00:04:50.851	290.851	00:00:00.086	0.086	 S,сокр=(пр,мн  пр,ед  вин,мн  вин,ед  дат,мн  дат,ед  род,мн  род,ед  твор,мн  твор,ед  им,мн  им,ед)
morph@aom2003f	aom2003f	00:04:50.851	290.851	00:04:51.385	291.385	00:00:00.534	0.534	S,гео,муж,неод=пр,ед
morph@aom2003f	aom2003f	00:04:51.385	291.385	00:04:51.646	291.646	00:00:00.261	0.261	APRO=им,ед,жен
morph@aom2003f	aom2003f	00:04:51.646	291.646	00:04:51.907	291.907	00:00:00.261	0.261	A=им,ед,полн,жен
morph@aom2003f	aom2003f	00:04:51.907	291.907	00:04:52.170	292.17	00:00:00.263	0.263	S,жен,неод=им,ед
morph@aom2003f	aom2003f	00:04:52.839	292.839	00:04:53.475	293.475	00:00:00.636	0.636	ээ
morph@aom2003f	aom2003f	00:04:53.475	293.475	00:04:53.610	293.61	00:00:00.135	0.135	 S,сокр=(пр,мн  пр,ед  вин,мн  вин,ед  дат,мн  дат,ед  род,мн  род,ед  твор,мн  твор,ед  им,мн  им,ед)
morph@aom2003f	aom2003f	00:04:53.610	293.61	00:04:53.740	293.74	00:00:00.130	0.13	 SPRO,мн,1-л=(пр  вин  род)
morph@aom2003f	aom2003f	00:04:53.740	293.74	00:04:54.129	294.129	00:00:00.389	0.389	 V,нп=(непрош,ед,изъяв,3-л,несов  непрош,мн,изъяв,3-л,несов  наст,мн,изъяв,1-л,несов  наст,ед,изъяв,1-л,несов  наст,мн,изъяв,2-л,несов  наст,ед,изъяв,2-л,несов  наст,мн,изъяв,3-л,несов  наст,ед,изъяв,3-л,несов)
morph@aom2003f	aom2003f	00:04:54.129	294.129	00:04:54.518	294.518	00:00:00.389	0.389	V,нп=непрош,ед,изъяв,3-л,несов
morph@aom2003f	aom2003f	00:04:54.518	294.518	00:04:54.907	294.907	00:00:00.389	0.389	 S,муж,неод=(вин,ед  им,ед)
morph@aom2003f	aom2003f	00:04:54.907	294.907	00:04:55.288	295.288	00:00:00.381	0.381	V,несов,нп=непрош,ед,изъяв,3-л
morph@aom2003f	aom2003f	00:04:55.288	295.288	00:04:55.669	295.669	00:00:00.381	0.381	Bellini
morph@aom2003f	aom2003f	00:04:55.669	295.669	00:04:56.051	296.051	00:00:00.382	0.382	Group
morph@aom2003f	aom2003f	00:04:56.051	296.051	00:04:56.916	296.916	00:00:00.865	0.865	 SPRO,ед,сред,неод=(вин  им)
morph@aom2003f	aom2003f	00:04:56.916	296.916	00:04:57.169	297.169	00:00:00.253	0.253	S,жен,од=им,ед
morph@aom2003f	aom2003f	00:04:57.169	297.169	00:04:57.299	297.299	00:00:00.130	0.13	 /
morph@aom2003f	aom2003f	00:04:57.299	297.299	00:04:58.000	298.0	00:00:00.701	0.701	S,жен,неод=им,ед
morph@aom2003f	aom2003f	00:04:58.000	298.0	00:04:58.372	298.372	00:00:00.372	0.372	APRO=им,ед,жен
morph@aom2003f	aom2003f	00:04:58.372	298.372	00:04:58.744	298.744	00:00:00.372	0.372	PART=
morph@aom2003f	aom2003f	00:04:58.744	298.744	00:04:59.117	299.117	00:00:00.373	0.373	V=непрош,ед,изъяв,3-л,несов,пе
morph@aom2003f	aom2003f	00:04:59.117	299.117	00:04:59.280	299.28	00:00:00.163	0.163	 APRO=(вин,мн,полн,неод  им,мн,полн)
morph@aom2003f	aom2003f	00:04:59.280	299.28	00:04:59.831	299.831	00:00:00.551	0.551	 S,муж,неод=(вин,мн  им,мн)
morph@aom2003f	aom2003f	00:04:59.831	299.831	00:04:59.924	299.924	00:00:00.093	0.093	.
morph@aom2003f	aom2003f	00:05:00.119	300.119	00:05:00.273	300.273	00:00:00.154	0.154	 S,сокр=(пр,мн  пр,ед  вин,мн  вин,ед  дат,мн  дат,ед  род,мн  род,ед  твор,мн  твор,ед  им,мн  им,ед)
morph@aom2003f	aom2003f	00:05:00.273	300.273	00:05:00.727	300.727	00:00:00.454	0.454	S,муж,неод=дат,ед
morph@aom2003f	aom2003f	00:05:00.727	300.727	00:05:01.102	301.102	00:00:00.375	0.375	S,фам,муж,од=дат,ед
morph@aom2003f	aom2003f	00:05:01.788	301.788	00:05:02.390	302.39	00:00:00.602	0.602	ээ
morph@aom2003f	aom2003f	00:05:02.610	302.61	00:05:03.156	303.156	00:00:00.546	0.546	S,муж,од=им,ед
morph@aom2003f	aom2003f	00:05:03.156	303.156	00:05:03.325	303.325	00:00:00.169	0.169	PART=
morph@aom2003f	aom2003f	00:05:03.325	303.325	00:05:03.448	303.448	00:00:00.123	0.123	SPRO,мн=им
morph@aom2003f	aom2003f	00:05:03.448	303.448	00:05:03.873	303.873	00:00:00.425	0.425	V=прош,мн,изъяв,сов
morph@aom2003f	aom2003f	00:05:03.873	303.873	00:05:04.190	304.19	00:00:00.317	0.317	 S,муж,неод=(вин,мн  им,мн)
morph@aom2003f	aom2003f	00:05:04.190	304.19	00:05:04.507	304.507	00:00:00.317	0.317	 ~~~
morph@aom2003f	aom2003f	00:05:04.507	304.507	00:05:04.898	304.898	00:00:00.391	0.391	V,нп=прош,мн,изъяв,несов
morph@aom2003f	aom2003f	00:05:04.907	304.907	00:05:05.442	305.442	00:00:00.535	0.535	 S,муж,неод=(вин,мн  им,мн)
morph@aom2003f	aom2003f	00:05:05.442	305.442	00:05:05.565	305.565	00:00:00.123	0.123	 SPRO,ед,сред,неод=(вин  им)
morph@aom2003f	aom2003f	00:05:05.565	305.565	00:05:05.975	305.975	00:00:00.410	0.41	APRO=им,ед,жен
morph@aom2003f	aom2003f	00:05:05.983	305.983	00:05:06.209	306.209	00:00:00.226	0.226	PART=
morph@aom2003f	aom2003f	00:05:06.209	306.209	00:05:06.435	306.435	00:00:00.226	0.226	 SPRO,ед,1-л=(пр  дат)
morph@aom2003f	aom2003f	00:05:06.435	306.435	00:05:06.571	306.571	00:00:00.136	0.136	 SPRO,ед,1-л=(пр  дат)
morph@aom2003f	aom2003f	00:05:06.571	306.571	00:05:06.747	306.747	00:00:00.176	0.176	PART=
morph@aom2003f	aom2003f	00:05:06.747	306.747	00:05:06.999	306.999	00:00:00.252	0.252	V,несов,нп=непрош,мн,изъяв,3-л
morph@aom2003f	aom2003f	00:05:06.999	306.999	00:05:07.203	307.203	00:00:00.204	0.204	 S,муж,неод=(вин,мн  им,мн)
morph@aom2003f	aom2003f	00:05:07.212	307.212	00:05:07.494	307.494	00:00:00.282	0.282	CONJ=
morph@aom2003f	aom2003f	00:05:07.494	307.494	00:05:07.980	307.98	00:00:00.486	0.486	A=им,ед,полн,жен
morph@aom2003f	aom2003f	00:05:07.980	307.98	00:05:08.466	308.466	00:00:00.486	0.486	A=им,ед,полн,жен
morph@aom2003f	aom2003f	00:05:08.576	308.576	00:05:08.780	308.78	00:00:00.204	0.204	PART=
morph@aom2003f	aom2003f	00:05:09.009	309.009	00:05:09.430	309.43	00:00:00.421	0.421	CONJ=
morph@aom2003f	aom2003f	00:05:09.430	309.43	00:05:09.851	309.851	00:00:00.421	0.421	INTJ=
morph@aom2003f	aom2003f	00:05:09.851	309.851	00:05:10.076	310.076	00:00:00.225	0.225	SPRO,мн=им
morph@aom2003f	aom2003f	00:05:10.381	310.381	00:05:11.047	311.047	00:00:00.666	0.666	ADV=
morph@aom2003f	aom2003f	00:05:11.047	311.047	00:05:11.714	311.714	00:00:00.667	0.667	 S,сокр=(пр,мн  пр,ед  вин,мн  вин,ед  дат,мн  дат,ед  род,мн  род,ед  твор,мн  твор,ед  им,мн  им,ед)
morph@aom2003f	aom2003f	00:05:11.714	311.714	00:05:12.007	312.007	00:00:00.293	0.293	 ~~~
morph@aom2003f	aom2003f	00:05:12.007	312.007	00:05:12.357	312.357	00:00:00.350	0.35	 APRO=(дат,мн  твор,ед,муж  твор,ед,сред)
morph@aom2003f	aom2003f	00:05:12.357	312.357	00:05:13.045	313.045	00:00:00.688	0.688	S,мн,од=дат
morph@aom2003f	aom2003f	00:05:13.045	313.045	00:05:13.565	313.565	00:00:00.520	0.52	S,муж,неод=твор,ед
morph@aom2003f	aom2003f	00:05:13.565	313.565	00:05:14.347	314.347	00:00:00.782	0.782	 S,жен,неод=(пр,ед  вин,мн  дат,ед  род,ед  им,мн)
morph@aom2003f	aom2003f	00:05:14.347	314.347	00:05:14.844	314.844	00:00:00.497	0.497	V=прош,мн,изъяв,сов
morph@aom2003f	aom2003f	00:05:14.844	314.844	00:05:15.760	315.76	00:00:00.916	0.916	 A=(вин,ед,полн,муж,неод  им,ед,полн,муж)
morph@aom2003f	aom2003f	00:05:15.760	315.76	00:05:16.513	316.513	00:00:00.753	0.753	INTJ=
morph@aom2003f	aom2003f	00:05:16.513	316.513	00:05:16.810	316.81	00:00:00.297	0.297	 S,сокр=(пр,мн  пр,ед  вин,мн  вин,ед  дат,мн  дат,ед  род,мн  род,ед  твор,мн  твор,ед  им,мн  им,ед)
morph@aom2003f	aom2003f	00:05:16.810	316.81	00:05:17.268	317.268	00:00:00.458	0.458	 S,гео,жен,неод=(пр,ед  вин,мн  дат,ед  род,ед  им,мн)
morph@aom2003f	aom2003f	00:05:17.268	317.268	00:05:17.727	317.727	00:00:00.459	0.459	 S,муж,неод=(вин,ед  им,ед)
morph@aom2003f	aom2003f	00:05:17.727	317.727	00:05:18.461	318.461	00:00:00.734	0.734	 S,муж,неод=(вин,ед  им,ед)
morph@aom2003f	aom2003f	00:05:18.461	318.461	00:05:19.110	319.11	00:00:00.649	0.649	 S,жен,неод=(пр,ед  вин,мн  дат,ед  род,ед  им,мн)
morph@aom2003f	aom2003f	00:05:19.110	319.11	00:05:20.468	320.468	00:00:01.358	1.358	S,муж,од=вин,мн
morph@aom2003f	aom2003f	00:05:20.468	320.468	00:05:20.669	320.669	00:00:00.201	0.201	 S,сокр=(пр,мн  пр,ед  вин,мн  вин,ед  дат,мн  дат,ед  род,мн  род,ед  твор,мн  твор,ед  им,мн  им,ед)
morph@aom2003f	aom2003f	00:05:20.669	320.669	00:05:20.968	320.968	00:00:00.299	0.299	INTJ=
morph@aom2003f	aom2003f	00:05:20.968	320.968	00:05:21.403	321.403	00:00:00.435	0.435	S,муж,од=им,ед
morph@aom2003f	aom2003f	00:05:21.403	321.403	00:05:21.773	321.773	00:00:00.370	0.37	INTJ=
morph@aom2003f	aom2003f	00:05:21.773	321.773	00:05:22.309	322.309	00:00:00.536	0.536	 A=(пр,ед,полн,жен  дат,ед,полн,жен  род,ед,полн,жен  твор,ед,полн,жен)
morph@aom2003f	aom2003f	00:05:22.309	322.309	00:05:22.981	322.981	00:00:00.672	0.672	PART=
morph@aom2003f	aom2003f	00:05:22.981	322.981	00:05:23.131	323.131	00:00:00.150	0.15	 S,сокр=(пр,мн  пр,ед  вин,мн  вин,ед  дат,мн  дат,ед  род,мн  род,ед  твор,мн  твор,ед  им,мн  им,ед)
morph@aom2003f	aom2003f	00:05:23.131	323.131	00:05:23.542	323.542	00:00:00.411	0.411	S,гео,жен,неод=твор,ед
morph@aom2003f	aom2003f	00:05:24.525	324.525	00:05:24.825	324.825	00:00:00.300	0.3	PART=
morph@aom2003f	aom2003f	00:05:24.825	324.825	00:05:24.981	324.981	00:00:00.156	0.156	 SPRO,ед,сред,неод=(вин  им)
morph@aom2003f	aom2003f	00:05:24.981	324.981	00:05:25.087	325.087	00:00:00.106	0.106	A=ед,кр,муж
morph@aom2003f	aom2003f	00:05:25.087	325.087	00:05:25.397	325.397	00:00:00.310	0.31	ADV=
morph@aom2003f	aom2003f	00:05:25.397	325.397	00:05:25.708	325.708	00:00:00.311	0.311	 A=(вин,ед,полн,муж,неод  им,ед,полн,муж)
morph@aom2003f	aom2003f	00:05:25.708	325.708	00:05:25.916	325.916	00:00:00.208	0.208	A=ед,кр,муж
morph@aom2003f	aom2003f	00:05:25.916	325.916	00:05:26.253	326.253	00:00:00.337	0.337	ADV=
morph@aom2003f	aom2003f	00:05:26.253	326.253	00:05:26.762	326.762	00:00:00.509	0.509	 A=(вин,ед,полн,муж,неод  им,ед,полн,муж)
morph@aom2003f	aom2003f	00:05:26.762	326.762	00:05:27.357	327.357	00:00:00.595	0.595	ADVPRO=
morph@aom2003f	aom2003f	00:05:27.691	327.691	00:05:27.799	327.799	00:00:00.108	0.108	PART=
morph@aom2003f	aom2003f	00:05:27.799	327.799	00:05:27.916	327.916	00:00:00.117	0.117	ADVPRO=
morph@aom2003f	aom2003f	00:05:27.916	327.916	00:05:28.078	328.078	00:00:00.162	0.162	PART=
morph@aom2003f	aom2003f	00:05:28.078	328.078	00:05:28.286	328.286	00:00:00.208	0.208	CONJ=
morph@aom2003f	aom2003f	00:05:28.286	328.286	00:05:28.545	328.545	00:00:00.259	0.259	SPRO,ед,2-л=им
morph@aom2003f	aom2003f	00:05:28.545	328.545	00:05:29.262	329.262	00:00:00.717	0.717	ээ
morph@aom2003f	aom2003f	00:05:29.691	329.691	00:05:30.013	330.013	00:00:00.322	0.322	V,несов,пе=непрош,ед,изъяв,2-л
morph@aom2003f	aom2003f	00:05:30.013	330.013	00:05:30.571	330.571	00:00:00.558	0.558	V,нп=инф,несов
morph@aom2003f	aom2003f	00:05:30.571	330.571	00:05:30.955	330.955	00:00:00.384	0.384	 A=(дат,мн,полн  твор,ед,полн,муж  твор,ед,полн,сред)
morph@aom2003f	aom2003f	00:05:30.955	330.955	00:05:31.188	331.188	00:00:00.233	0.233	ADVPRO=
morph@aom2003f	aom2003f	00:05:31.188	331.188	00:05:31.941	331.941	00:00:00.753	0.753	S,муж,од=твор,ед
morph@aom2003f	aom2003f	00:05:32.476	332.476	00:05:32.617	332.617	00:00:00.141	0.141	PART=
morph@aom2003f	aom2003f	00:05:32.617	332.617	00:05:32.890	332.89	00:00:00.273	0.273	 SPRO,ед,2-л=(пр  дат)
morph@aom2003f	aom2003f	00:05:32.890	332.89	00:05:33.117	333.117	00:00:00.227	0.227	ADV,прдк=
morph@aom2003f	aom2003f	00:05:33.117	333.117	00:05:33.416	333.416	00:00:00.299	0.299	V,несов,нп=инф
morph@aom2003f	aom2003f	00:05:33.416	333.416	00:05:33.539	333.539	00:00:00.123	0.123	 S,сокр=(пр,мн  пр,ед  вин,мн  вин,ед  дат,мн  дат,ед  род,мн  род,ед  твор,мн  твор,ед  им,мн  им,ед)
morph@aom2003f	aom2003f	00:05:33.539	333.539	00:05:34.083	334.083	00:00:00.544	0.544	 S,гео,муж,неод=(вин,ед  им,ед)
morph@aom2003f	aom2003f	00:05:34.095	334.095	00:05:34.291	334.291	00:00:00.196	0.196	INTJ=
morph@aom2003f	aom2003f	00:05:34.291	334.291	00:05:34.488	334.488	00:00:00.197	0.197	ADVPRO=
morph@aom2003f	aom2003f	00:05:34.643	334.643	00:05:34.864	334.864	00:00:00.221	0.221	S,муж,неод=род,ед
morph@aom2003f	aom2003f	00:05:34.864	334.864	00:05:35.065	335.065	00:00:00.201	0.201	SPRO,ед,3-л,муж=им
morph@aom2003f	aom2003f	00:05:35.065	335.065	00:05:35.331	335.331	00:00:00.266	0.266	ря
morph@aom2003f	aom2003f	00:05:35.331	335.331	00:05:35.558	335.558	00:00:00.227	0.227	SPRO,ед,3-л,муж=им
morph@aom2003f	aom2003f	00:05:35.558	335.558	00:05:35.864	335.864	00:00:00.306	0.306	ADV=
morph@aom2003f	aom2003f	00:05:35.864	335.864	00:05:36.247	336.247	00:00:00.383	0.383	ADV=
morph@aom2003f	aom2003f	00:05:36.247	336.247	00:05:36.631	336.631	00:00:00.384	0.384	 A=(вин,ед,полн,муж,неод  им,ед,полн,муж)
morph@aom2003f	aom2003f	00:05:36.750	336.75	00:05:36.797	336.797	00:00:00.047	0.047	PR=
morph@aom2003f	aom2003f	00:05:36.797	336.797	00:05:36.866	336.866	00:00:00.069	0.069	 SPRO,ед,1-л=(вин  род)
morph@aom2003f	aom2003f	00:05:36.866	336.866	00:05:37.023	337.023	00:00:00.157	0.157	ADVPRO=
morph@aom2003f	aom2003f	00:05:37.083	337.083	00:05:37.139	337.139	00:00:00.056	0.056	PR=
morph@aom2003f	aom2003f	00:05:37.139	337.139	00:05:37.242	337.242	00:00:00.103	0.103	 SPRO,ед,1-л=(вин  род)
morph@aom2003f	aom2003f	00:05:37.242	337.242	00:05:37.374	337.374	00:00:00.132	0.132	ADVPRO=
morph@aom2003f	aom2003f	00:05:37.374	337.374	00:05:37.594	337.594	00:00:00.220	0.22	INTJ=
morph@aom2003f	aom2003f	00:05:37.594	337.594	00:05:38.134	338.134	00:00:00.540	0.54	S,жен,од=им,ед
morph@aom2003f	aom2003f	00:05:38.134	338.134	00:05:38.564	338.564	00:00:00.430	0.43	V,несов,нп=непрош,ед,изъяв,3-л
morph@aom2003f	aom2003f	00:05:38.570	338.57	00:05:39.397	339.397	00:00:00.827	0.827	S,имя,жен,од=им,ед
morph@aom2003f	aom2003f	00:05:39.542	339.542	00:05:39.764	339.764	00:00:00.222	0.222	PART=
morph@aom2003f	aom2003f	00:05:40.513	340.513	00:05:41.078	341.078	00:00:00.565	0.565	ADV=
morph@aom2003f	aom2003f	00:05:41.078	341.078	00:05:41.643	341.643	00:00:00.565	0.565	V,пе=непрош,мн,изъяв,3-л,несов
morph@aom2003f	aom2003f	00:05:41.643	341.643	00:05:41.941	341.941	00:00:00.298	0.298	SPRO,мн=им
morph@aom2003f	aom2003f	00:05:42.004	342.004	00:05:42.232	342.232	00:00:00.228	0.228	ADV,вводн=
morph@aom2003f	aom2003f	00:05:42.351	342.351	00:05:42.891	342.891	00:00:00.540	0.54	 S,муж,неод=(вин,ед  им,ед)
morph@aom2003f	aom2003f	00:05:42.891	342.891	00:05:43.000	343.0	00:00:00.109	0.109	!
morph@aom2003f	aom2003f	00:05:43.000	343.0	00:05:43.424	343.424	00:00:00.424	0.424	 S,муж,неод=(вин,ед  им,ед)
morph@aom2003f	aom2003f	00:05:43.491	343.491	00:05:43.638	343.638	00:00:00.147	0.147	PART=
morph@aom2003f	aom2003f	00:05:43.745	343.745	00:05:44.112	344.112	00:00:00.367	0.367	 S,имя,жен,од=(пр,ед  дат,ед  род,ед  им,мн)
morph@aom2003f	aom2003f	00:05:44.112	344.112	00:05:44.480	344.48	00:00:00.368	0.368	INTJ=
morph@aom2003f	aom2003f	00:05:44.627	344.627	00:05:44.843	344.843	00:00:00.216	0.216	PR=
morph@aom2003f	aom2003f	00:05:44.843	344.843	00:05:45.059	345.059	00:00:00.216	0.216	INTJ=
morph@aom2003f	aom2003f	00:05:45.059	345.059	00:05:45.275	345.275	00:00:00.216	0.216	SPRO,ед,сред,неод=род
morph@aom2003f	aom2003f	00:05:45.275	345.275	00:05:45.565	345.565	00:00:00.290	0.29	 ~~~
morph@aom2003f	aom2003f	00:05:45.565	345.565	00:05:45.778	345.778	00:00:00.213	0.213	Bellini
morph@aom2003f	aom2003f	00:05:45.778	345.778	00:05:45.923	345.923	00:00:00.145	0.145	Group
morph@aom2003f	aom2003f	00:05:45.930	345.93	00:05:46.204	346.204	00:00:00.274	0.274	ADVPRO=
morph@aom2003f	aom2003f	00:05:46.204	346.204	00:05:46.517	346.517	00:00:00.313	0.313	A=им,ед,полн,жен
morph@aom2003f	aom2003f	00:05:46.517	346.517	00:05:47.018	347.018	00:00:00.501	0.501	S,жен,неод=им,ед
morph@aom2003f	aom2003f	00:05:47.292	347.292	00:05:47.635	347.635	00:00:00.343	0.343	 SPRO,ед,3-л,жен=(вин  род)
morph@aom2003f	aom2003f	00:05:47.635	347.635	00:05:48.230	348.23	00:00:00.595	0.595	V,пе=непрош,мн,изъяв,3-л,несов
morph@aom2003f	aom2003f	00:05:48.230	348.23	00:05:48.439	348.439	00:00:00.209	0.209	ADVPRO=
morph@aom2003f	aom2003f	00:05:48.439	348.439	00:05:48.604	348.604	00:00:00.165	0.165	 S,муж,неод=(вин,ед  род,мн  им,ед)
morph@aom2003f	aom2003f	00:05:48.604	348.604	00:05:49.011	349.011	00:00:00.407	0.407	PART=
morph@aom2003f	aom2003f	00:05:49.018	349.018	00:05:49.889	349.889	00:00:00.871	0.871	0.75
morph@aom2003f	aom2003f	00:05:50.476	350.476	00:05:50.708	350.708	00:00:00.232	0.232	 S,имя,жен,од=(пр,ед  дат,ед  род,ед  им,мн)
morph@aom2003f	aom2003f	00:05:51.199	351.199	00:05:51.801	351.801	00:00:00.602	0.602	V,несов,нп=непрош,ед,изъяв,3-л
morph@aom2003f	aom2003f	00:05:51.801	351.801	00:05:52.000	352.0	00:00:00.199	0.199	PART=
morph@aom2003f	aom2003f	00:05:52.000	352.0	00:05:52.343	352.343	00:00:00.343	0.343	SPRO,мн=им
morph@aom2003f	aom2003f	00:05:52.343	352.343	00:05:52.780	352.78	00:00:00.437	0.437	S,фам,муж,од=им,ед
morph@aom2003f	aom2003f	00:05:52.780	352.78	00:05:53.170	353.17	00:00:00.390	0.39	V=прош,мн,изъяв,сов
morph@aom2003f	aom2003f	00:05:53.387	353.387	00:05:53.635	353.635	00:00:00.248	0.248	 S,имя,жен,од=(пр,мн  пр,ед  вин,мн  вин,ед  дат,мн  дат,ед  род,мн  род,ед  твор,мн  твор,ед  им,мн  им,ед)
morph@aom2003f	aom2003f	00:05:53.635	353.635	00:05:53.887	353.887	00:00:00.252	0.252	S,фам,муж,од=им,ед
morph@aom2003f	aom2003f	00:05:54.052	354.052	00:05:54.287	354.287	00:00:00.235	0.235	SPRO,ед,1-л=им
morph@aom2003f	aom2003f	00:05:54.287	354.287	00:05:54.422	354.422	00:00:00.135	0.135	PART=
morph@aom2003f	aom2003f	00:05:54.422	354.422	00:05:54.609	354.609	00:00:00.187	0.187	V,несов,пе=непрош,ед,изъяв,1-л
morph@aom2003f	aom2003f	00:05:55.178	355.178	00:05:55.504	355.504	00:00:00.326	0.326	PART=
morph@aom2003f	aom2003f	00:05:55.504	355.504	00:05:55.594	355.594	00:00:00.090	0.09	PR=
morph@aom2003f	aom2003f	00:05:55.594	355.594	00:05:55.857	355.857	00:00:00.263	0.263	S,муж,неод=род,ед
morph@aom2003f	aom2003f	00:05:55.857	355.857	00:05:56.072	356.072	00:00:00.215	0.215	ADVPRO=
morph@aom2003f	aom2003f	00:05:56.072	356.072	00:05:56.287	356.287	00:00:00.215	0.215	ADV=
morph@aom2003f	aom2003f	00:05:56.531	356.531	00:05:57.228	357.228	00:00:00.697	0.697	V=непрош,мн,изъяв,2-л,сов,пе
morph@aom2003f	aom2003f	00:05:58.026	358.026	00:05:58.951	358.951	00:00:00.925	0.925	0.75
morph@aom2003f	aom2003f	00:05:59.303	359.303	00:05:59.599	359.599	00:00:00.296	0.296	PART=
morph@aom2003f	aom2003f	00:05:59.661	359.661	00:06:00.459	360.459	00:00:00.798	0.798	ээ
morph@aom2003f	aom2003f	00:06:00.528	360.528	00:06:00.878	360.878	00:00:00.350	0.35	 APRO=(им,мн  вин,мн,неод)
morph@aom2003f	aom2003f	00:06:00.878	360.878	00:06:01.343	361.343	00:00:00.465	0.465	 S,сред,неод=(вин,мн  род,ед  им,мн)
morph@aom2003f	aom2003f	00:06:03.606	363.606	00:06:04.130	364.13	00:00:00.524	0.524	 V,нп=(мн,пов,1-л,сов  непрош,мн,изъяв,1-л,сов)
morph@aom2003f	aom2003f	00:06:04.130	364.13	00:06:04.239	364.239	00:00:00.109	0.109	PR=
morph@aom2003f	aom2003f	00:06:04.239	364.239	00:06:04.463	364.463	00:00:00.224	0.224	S,муж,неод=род,ед
morph@aom2003f	aom2003f	00:06:04.463	364.463	00:06:04.574	364.574	00:00:00.111	0.111	PART=
morph@aom2003f	aom2003f	00:06:04.574	364.574	00:06:04.922	364.922	00:00:00.348	0.348	ADVPRO=
morph@aom2003f	aom2003f	00:06:04.922	364.922	00:06:05.270	365.27	00:00:00.348	0.348	PART=
morph@aom2003f	aom2003f	00:06:05.274	365.274	00:06:05.409	365.409	00:00:00.135	0.135	ADVPRO=
morph@aom2003f	aom2003f	00:06:05.409	365.409	00:06:05.587	365.587	00:00:00.178	0.178	SPRO,мн,1-л=им
morph@aom2003f	aom2003f	00:06:05.587	365.587	00:06:06.070	366.07	00:00:00.483	0.483	ADV=
morph@aom2003f	aom2003f	00:06:06.070	366.07	00:06:06.478	366.478	00:00:00.408	0.408	d
morph@aom2003f	aom2003f	00:06:06.478	366.478	00:06:06.845	366.845	00:00:00.367	0.367	die
morph@aom2003f	aom2003f	00:06:06.845	366.845	00:06:07.160	367.16	00:00:00.315	0.315	PART=
morph@aom2003f	aom2003f	00:06:07.173	367.173	00:06:07.330	367.33	00:00:00.157	0.157	PR=
morph@aom2003f	aom2003f	00:06:07.330	367.33	00:06:07.570	367.57	00:00:00.240	0.24	PART=
morph@aom2003f	aom2003f	00:06:07.570	367.57	00:06:07.793	367.793	00:00:00.223	0.223	SPRO,ед,сред,неод=род
morph@aom2003f	aom2003f	00:06:07.793	367.793	00:06:08.016	368.016	00:00:00.223	0.223	PART=
morph@aom2003f	aom2003f	00:06:08.016	368.016	00:06:08.241	368.241	00:00:00.225	0.225	PART=
